52125-582,milavitsa,50-3033048,480-960-1219,6337 Roxbury Lane,Kuala Lumpur,4,12-Apr-2013
0113-0751,milavitsa,27-3705780,935-985-3079,205 Portage Road,Kebonkaret,248,4-Feb-2014
53943-114,milavitsa,08-6995639,151-398-6088,6424 Fallview Junction,Fayaoué,8,30-Dec-2015
54868-4714,milavitsa,32-4413582,407-376-1847,5 Kinsman Hill,Yuecheng,12,26-Feb-2016
54235-206,milavitsa,77-8886087,857-554-3175,0879 Kennedy Park,Marseille,16,27-Oct-2015
10237-900,milavitsa,43-0933822,580-724-7201,90908 Starling Way,Jatibonico,20,17-Sep-2013
17630-2015,milavitsa,52-9125515,465-821-9520,3676 Mariners Cove Road,Chaves,24,27-Dec-2016
49035-240,milavitsa,86-6502826,571-775-7733,993 Arkansas Street,Iwai,660,19-Nov-2015
55910-299,milavitsa,56-8313499,309-209-6181,7 Gerald Park,Praia Grande,28,12-Nov-2015
63629-5223,milavitsa,62-9929566,724-879-7864,3 Banding Drive,Mendefera,32,13-Jan-2016
43598-410,milavitsa,37-6731685,637-227-2424,9197 Lakeland Place,Campbellton,51,24-Sep-2015
21130-075,milavitsa,54-5996436,616-276-9773,3 Troy Hill,Lameira,533,29-Apr-2017
76088-200,milavitsa,01-3486463,821-720-2040,2230 Eastwood Drive,Ingeniero Guillermo N. Juárez,36,4-Apr-2017
65862-656,milavitsa,72-0326359,237-444-2034,998 Nova Point,Ülken,40,7-Jun-2014
49288-0667,milavitsa,04-1711378,769-745-2043,4 Haas Junction,Otlja,31,17-Jul-2017
55319-212,milavitsa,62-6718453,387-378-5849,13 Stuart Crossing,Hoçisht,44,15-Nov-2016
49288-0678,milavitsa,29-5183576,206-923-4673,3528 Hoard Place,Chaiwan,48,19-Oct-2013
42263-101,milavitsa,43-2647583,810-988-1225,03222 Blackbird Road,Oranmore,50,31-Oct-2017
21130-404,milavitsa,86-0091974,322-995-9504,56 Esker Street,Mników,52,22-Apr-2013
69097-157,milavitsa,64-2335916,120-396-5484,4813 Bunker Hill Drive,Warlubie,112,16-Dec-2015
43353-684,milavitsa,86-1085303,495-581-9921,825 1st Hill,Norrköping,56,8-Apr-2015
0093-0150,milavitsa,30-3748872,152-934-0027,23505 Del Mar Point,Tuscaloosa,84,2-Jul-2016
30142-959,milavitsa,55-4202121,737-337-3940,6 8th Point,Mutis,204,4-Mar-2017
41190-516,milavitsa,64-6743069,941-536-9721,76 Mendota Avenue,Enewetak,60,12-Aug-2013
64764-175,milavitsa,69-8235388,647-574-8383,31932 Annamark Pass,Nueve de Julio,64,25-Sep-2016
68788-9798,milavitsa,00-9772680,991-762-8042,724 Grim Drive,Puente Nacional,68,27-Jan-2017
10147-0893,milavitsa,87-7552202,591-518-9639,9 Eagan Court,Zunilito,535,20-Aug-2014
31722-374,milavitsa,09-8066551,152-185-1260,506 Esch Point,Mtsensk,70,21-Feb-2013
59779-185,milavitsa,12-9951142,114-109-0906,03 Cherokee Place,Sélestat,72,28-Sep-2015
51143-403,milavitsa,91-8059802,810-982-1418,90846 Loftsgordon Place,Al Ain,76,25-May-2017
45167-451,milavitsa,84-7763990,662-575-7745,5 Moland Point,Las Palmas,92,11-Apr-2013
42254-030,milavitsa,29-5437083,971-638-9801,958 Meadow Vale Pass,Shache,96,30-Nov-2015
0179-0105,milavitsa,15-4998193,511-824-5060,1 Eggendart Plaza,Wola Jachowa,100,5-Jan-2014
10819-6005,milavitsa,46-2993475,342-347-5523,0 Sycamore Terrace,Changxuanling,854,24-Oct-2015
13630-0056,milavitsa,30-8778633,150-365-4515,62180 Harper Plaza,Krasnogorodskoye,108,4-Feb-2013
40085-219,milavitsa,30-8277828,218-107-0956,33 Miller Circle,Dongtang,116,11-Feb-2013
58232-0640,milavitsa,52-7031895,861-803-7227,4 Anderson Alley,Muslyumovo,120,28-Feb-2014
61657-0015,milavitsa,36-6179655,757-771-1609,6 David Pass,Dulian,124,24-Aug-2013
28064-056,milavitsa,79-8563200,835-108-8250,939 Northview Point,Orlândia,132,8-Jun-2015
67691-100,milavitsa,52-9529805,598-957-1461,765 Meadow Vale Drive,Costeira do Pirajubae,136,25-Apr-2013
37808-970,milavitsa,79-6926460,707-824-6725,5 Artisan Avenue,Bharatpur,140,17-May-2016
42023-118,milavitsa,65-2221577,859-608-0582,57 Melody Drive,Huozhuangzi,148,12-Mar-2016
63323-563,milavitsa,59-2565482,998-967-7637,34 Orin Place,Caocun,830,30-Aug-2016
21839-091,milavitsa,38-2955995,594-907-8149,1 Northland Terrace,Lemery,152,14-Dec-2015
65862-224,milavitsa,59-4545657,236-885-8163,16704 Basil Pass,Lom Sak,156,4-Jul-2014
52271-158,milavitsa,70-8678929,787-151-4313,1322 Transport Circle,Colorado Springs,344,31-Dec-2014
35356-904,milavitsa,32-6840511,105-425-1368,43 Stoughton Terrace,Jatinagara Kulon,446,28-Aug-2013
36987-1970,milavitsa,47-9370720,986-468-4002,08993 Park Meadow Plaza,Miaofengshan,170,25-Jul-2017
66116-436,milavitsa,83-3994042,300-869-1560,62 Pleasure Crossing,Zhongxing,174,25-Jan-2013
49999-158,milavitsa,27-2908524,832-629-0940,40217 Iowa Terrace,Xuwei,178,7-Oct-2017
41163-311,milavitsa,56-0605020,386-489-8993,487 Manufacturers Terrace,Debre Tabor,184,3-Jul-2013
64376-136,milavitsa,53-3729154,794-514-8719,5333 Vernon Road,Soljani,188,28-Dec-2014
43538-173,milavitsa,75-3908060,666-279-4903,64458 Fallview Circle,Mafinga,384,20-Jul-2017
49527-709,milavitsa,25-6083751,879-306-7807,3 Blaine Lane,Antioquia,191,13-Jul-2013
54868-5989,milavitsa,48-4274539,314-291-7796,24 Bunting Way,Petaling Jaya,192,15-Oct-2017
51812-0001,milavitsa,50-8762668,688-355-1499,99692 Bartillon Drive,?magari,531,18-Jun-2016
42291-381,milavitsa,21-7481968,508-765-2479,29 Roxbury Crossing,Aghavnatun,196,4-Oct-2016
68462-296,milavitsa,95-1305226,263-361-5782,82808 Spohn Point,Oslo,203,22-Dec-2015
37205-210,milavitsa,81-7429149,764-344-6845,124 Basil Junction,Nilanapo,408,4-Feb-2017
37205-270,milavitsa,91-3650997,572-952-5344,782 Harbort Lane,Longquan,180,13-Mar-2016
36800-140,milavitsa,01-5337437,995-447-8248,9637 Sunnyside Hill,Monaghan,208,5-May-2013
45567-0060,milavitsa,82-1363017,563-925-4470,6 Arizona Avenue,Outapi,262,25-Jul-2014
43419-374,milavitsa,97-9003903,646-699-4176,08 Spohn Crossing,San Roque,212,28-Oct-2014
0067-0005,milavitsa,20-5401264,561-509-2161,5 Sloan Circle,Vidoši,214,20-Nov-2016
0338-9542,milavitsa,74-4967445,626-742-7412,5681 Twin Pines Trail,‘Ayn an Nasr,218,14-Aug-2013
0065-0085,milavitsa,23-7356746,947-911-3938,95245 Roxbury Way,Borovo,818,13-Jun-2014
68784-101,milavitsa,29-0083065,312-433-8064,429 Killdeer Pass,Tuanai,222,8-Sep-2015
63717-871,milavitsa,43-7443230,705-576-8053,443 Elka Park,Beloye,226,13-Mar-2013
0003-2230,milavitsa,83-6452498,116-547-5958,94628 Tennyson Street,Ciengang,232,26-Mar-2015
61703-343,milavitsa,69-1558951,933-385-9223,318 Fairfield Parkway,Dongshan,233,4-Jan-2013
10812-208,milavitsa,63-4401777,551-797-2696,64 Continental Alley,Al Qa?n,231,30-Oct-2016
58876-106,milavitsa,05-0554158,225-854-9692,759 Rowland Circle,Huangbu,234,19-May-2016
11110-0001,milavitsa,79-5584074,799-160-8236,4073 Lillian Drive,Mondoteko,238,10-Aug-2016
49349-031,milavitsa,61-6489280,610-202-8563,984 Amoth Street,Gaozhou,242,5-May-2016
55910-503,milavitsa,54-1585034,369-280-9684,86584 Caliangt Circle,Ruše,246,21-Apr-2015
57243-403,milavitsa,69-6654824,399-244-3357,1849 Del Sol Crossing,Port Sudan,250,30-Nov-2015
52584-142,milavitsa,38-8270363,381-467-3007,5551 Amoth Drive,Duancun,254,5-Sep-2015
46708-033,milavitsa,51-1104640,610-178-7501,1 Raven Park,Agarsin,258,20-May-2014
0941-0415,milavitsa,49-4094467,438-245-8402,93 Banding Hill,Velká Dobrá,266,13-Apr-2015
0603-7606,milavitsa,27-9644835,936-799-7338,7656 Sommers Crossing,Mayenne,270,5-Feb-2016
68084-485,milavitsa,70-5094683,695-282-9404,83725 Beilfuss Drive,Triolet,268,9-Jun-2015
66993-062,milavitsa,41-0312724,954-118-6625,49 Westerfield Center,Tost,276,19-Nov-2014
0268-0860,milavitsa,13-8603036,722-951-2508,314 Carberry Plaza,Al Mat?n,288,6-Sep-2014
68084-249,milavitsa,52-9229333,741-299-5729,08589 Grover Hill,Taoyuan,292,17-Dec-2014
43063-197,milavitsa,18-9345830,690-105-7831,5 Pennsylvania Point,Vareš,300,18-Jul-2017
55550-200,milavitsa,39-5951664,985-814-0398,1 Pleasure Hill,Calheta,304,29-Aug-2017
0615-5574,milavitsa,16-3373313,205-399-4353,1 Grover Parkway,Proletar,308,9-Jun-2016
49781-018,milavitsa,54-5525801,732-735-8773,085 Cascade Trail,Hwaseong-si,312,7-Nov-2017
43353-709,milavitsa,82-0702275,151-225-6303,3 Farragut Court,Tambakmerak,316,18-Jul-2014
63868-857,milavitsa,08-3087849,571-986-7373,589 Morningstar Center,Gadingrejo,320,18-May-2013
0378-5041,milavitsa,70-7999725,513-735-2102,8 Valley Edge Pass,Linshi,831,21-Jan-2016
43857-0104,milavitsa,51-2764831,760-261-3817,37899 Arapahoe Hill,Wufeng,324,31-Oct-2013
59779-272,milavitsa,01-1042957,911-752-4896,34759 Talmadge Avenue,Tanout,624,21-Apr-2015
21695-367,milavitsa,58-2123636,312-602-1938,2 Spaight Lane,Meizhou,328,7-Jul-2014
60681-1103,milavitsa,93-0142065,128-910-4247,80 Little Fleur Place,Tuohua,332,28-Mar-2016
53808-0594,milavitsa,41-3059869,675-374-6267,774 Dayton Avenue,Oinófyta,336,29-May-2013
52959-406,milavitsa,22-0472769,848-653-2777,30 Michigan Alley,Torbeck,340,22-Jun-2015
55289-821,milavitsa,20-5469321,525-213-7445,1 Forest Park,Hegarmulya,348,6-Jul-2016
63629-3325,milavitsa,60-4355037,380-843-5788,01786 Barnett Hill,Partizan,352,13-Feb-2017
54868-6159,milavitsa,39-7253201,581-951-4161,708 Pleasure Crossing,Hongshi,356,8-Nov-2017
50268-071,milavitsa,72-9409462,193-433-0398,07979 Nancy Parkway,Gushui,4,31-May-2013
50436-8101,milavitsa,55-4280217,147-267-5754,9109 Luster Plaza,Ostankinskiy,248,7-Nov-2017
50419-109,milavitsa,70-3331233,650-343-5103,2 Lukken Circle,Serhetabat,8,21-Aug-2013
33261-848,milavitsa,56-3263804,623-437-0345,35567 Oriole Junction,Thoen,12,7-Jul-2014
65841-687,milavitsa,39-9520674,260-128-9957,0 7th Alley,Redakodi,16,9-Mar-2016
0026-3797,milavitsa,76-9117523,624-863-6188,2577 Springview Alley,Levski,20,20-Apr-2015
0781-7117,milavitsa,61-5593889,758-900-8268,2461 Sherman Center,Abashiri,24,15-Feb-2013
61958-1701,milavitsa,76-6311495,963-941-4170,15 Merry Hill,Cipesing,660,5-May-2013
10702-078,milavitsa,68-1242854,504-824-6429,7 Manitowish Crossing,Göteborg,28,12-Jul-2013
15751-2286,milavitsa,38-7675117,406-868-8236,67 Thompson Avenue,Khu Khan,32,8-Sep-2015
34666-002,milavitsa,17-4412368,713-929-6009,709 Blackbird Crossing,Mirpur Khas,51,27-Apr-2014
65862-473,milavitsa,91-2607908,141-831-8780,420 Montana Junction,Cogreg Wetan,533,12-Dec-2013
49884-461,milavitsa,67-7469259,960-877-1463,35064 Coolidge Parkway,Kuala Lumpur,36,24-Aug-2014
14783-061,milavitsa,94-8103293,212-145-7998,626 Morning Junction,Melbourne,40,28-Apr-2016
58232-0751,milavitsa,30-3487411,602-644-8004,576 Claremont Alley,Shangyanzhuang,31,6-Mar-2013
55154-1375,milavitsa,75-2593909,738-164-1695,5605 Maywood Junction,Blois,44,5-Mar-2017
49203-740,milavitsa,96-7091732,162-667-2322,64450 Golf Street,Mosetse,48,5-Jan-2016
21695-229,milavitsa,62-8902159,166-467-0863,33241 Springview Hill,Liudu,50,24-Dec-2015
24208-730,milavitsa,35-9920166,137-280-4086,7103 Mendota Circle,Al ‘Awj?,52,17-Mar-2014
0904-4062,milavitsa,45-2886999,101-546-4360,94637 Gina Point,Belén,112,19-Aug-2016
52125-046,milavitsa,26-3698183,143-531-2735,2787 Rowland Way,Simajia,56,16-Apr-2013
59630-574,milavitsa,14-2073621,481-299-2097,4 Ronald Regan Terrace,Quito,84,15-Nov-2017
58503-022,milavitsa,89-4634383,272-258-3035,67604 Butternut Street,Vicuña,204,26-Sep-2017
55316-063,milavitsa,65-9151711,755-487-0555,20 Raven Pass,Tsubata,60,1-Nov-2015
51079-153,milavitsa,60-0814975,805-715-4364,0696 Declaration Avenue,Valvedditturai,64,9-Sep-2015
10631-278,milavitsa,39-9798804,887-590-8106,038 Schurz Parkway,Bogor,68,22-Feb-2014
37000-798,milavitsa,85-9206269,377-583-5929,18000 Hallows Lane,Xianqiao,535,21-Jun-2014
41520-469,milavitsa,24-1814024,552-620-4582,1196 Fair Oaks Alley,Kedungwungu,70,8-Jan-2013
50881-015,milavitsa,45-4069380,520-703-1489,35 Corry Way,Columbia,72,26-Apr-2017
41520-445,milavitsa,50-0710655,916-678-4050,1980 Fulton Park,Yongledian,76,18-Sep-2013
49349-739,milavitsa,03-1608012,373-480-3080,1 Glendale Hill,Vasil’yevskiy Mokh,92,9-Aug-2015
58118-5688,milavitsa,20-9809894,924-440-9236,33325 Waubesa Avenue,Komendantsky aerodrom,96,2-Mar-2015
36987-2353,milavitsa,82-5528841,146-265-0482,7542 Larry Park,Nanxing,100,15-Aug-2013
16714-601,milavitsa,34-9032371,826-636-4681,98 Moose Hill,Kaberamaido,854,5-Mar-2017
24794-102,milavitsa,13-7575117,723-907-6421,1 Walton Pass,Chengzhong,108,19-May-2014
43063-186,milavitsa,71-0838779,917-200-1739,4 Sycamore Avenue,Zarzal,116,4-Aug-2013
55249-1001,milavitsa,92-2309433,987-559-3903,2 Lukken Trail,Yuantan,120,25-Mar-2014
68428-090,milavitsa,07-6135237,786-137-9931,7 Artisan Way,Thành Ph? Ninh Bình,124,18-May-2016
51285-275,milavitsa,25-6324251,814-422-1605,956 Summerview Alley,Niquelândia,132,3-Sep-2014
70253-348,milavitsa,79-6406849,221-153-3835,176 7th Pass,Vanves,136,20-Nov-2014
0093-3043,milavitsa,39-4659211,767-931-1614,0800 Elgar Point,Vyazniki,140,4-Feb-2017
0268-0119,milavitsa,50-5279612,136-536-8172,18285 Badeau Center,Maganha,148,17-Dec-2016
0220-9063,milavitsa,89-0159080,577-914-8995,2 Declaration Lane,Tengqiao,830,4-Jan-2014
55154-7211,milavitsa,18-7955270,947-691-1025,99 Green Ridge Terrace,Tak Bai,152,2-Nov-2014
68382-266,milavitsa,02-9021673,861-953-4412,8011 Blaine Place,Västra Frölunda,156,4-May-2014
14505-398,milavitsa,58-4764484,887-810-2337,95540 Washington Plaza,Gros Morne,344,6-Jul-2013
68016-526,milavitsa,49-0041174,625-997-5391,67989 Morrow Center,San Jose,446,31-Dec-2015
58177-910,milavitsa,51-6657590,324-474-4826,856 Bluestem Court,Dongjia,170,13-Aug-2014
35192-006,milavitsa,91-8819039,411-689-3770,94 Brentwood Street,Stockholm,174,11-Apr-2013
68634-0032,milavitsa,11-3789728,986-252-6381,1565 Barnett Park,Zlatoust,178,31-Jul-2015
60512-6618,milavitsa,28-1494095,655-369-4105,1491 Bartillon Road,Rongai,184,4-Mar-2016
49288-0877,milavitsa,21-6672123,148-590-0083,52 Commercial Terrace,Sernovodsk,188,13-Jun-2016
59779-708,milavitsa,42-9862463,233-577-3255,76714 Raven Avenue,Sobh?dero,384,3-Jul-2016
37000-601,milavitsa,03-7184631,813-259-6711,9191 Carioca Hill,Kinloch,191,29-Jul-2017
21695-916,milavitsa,50-9726190,251-738-3144,7935 Talmadge Circle,Conceição do Jacuípe,192,16-Apr-2013
15751-2223,milavitsa,01-9229508,464-853-0874,25 Paget Pass,Caotan,531,24-Dec-2015
49348-705,milavitsa,46-7107555,366-908-0630,6 Moose Road,Carmelo,196,29-Apr-2016
49952-004,milavitsa,15-6273867,147-590-6574,95837 Fairfield Parkway,Wantian,203,22-Feb-2014
36800-152,milavitsa,85-5427265,308-580-9508,355 Iowa Hill,Ajaccio,408,7-May-2013
57520-0505,milavitsa,46-0636789,273-100-8154,1 Carpenter Center,Ntungamo,180,3-Dec-2016
37000-324,milavitsa,12-0843125,112-975-1537,7028 Granby Parkway,Checun,208,23-Feb-2017
42291-720,milavitsa,20-7484952,758-698-0162,8718 Nobel Lane,Las Lajas,262,21-Jan-2014
55316-016,milavitsa,78-9799989,561-920-9347,063 Ryan Trail,Stonewall,212,23-Jul-2013
0071-2418,milavitsa,81-3862820,541-478-0877,4552 Truax Center,Marseille,214,24-Aug-2015
24208-790,milavitsa,82-2300833,965-401-1188,5 Muir Crossing,Warung Wetan,218,7-Apr-2013
49349-536,milavitsa,87-9865884,251-987-4722,5 Tennyson Court,Xin Bulag,818,15-Jun-2017
68084-659,milavitsa,12-7558039,323-288-1125,55803 Summerview Street,Buzuluk,222,19-May-2015
0781-1036,milavitsa,49-0333928,403-581-5827,65720 Stephen Road,Pilang,226,11-Mar-2016
52731-7017,milavitsa,20-1789097,539-758-9178,17 Kings Point,Huashan,232,11-Jun-2017
49349-781,milavitsa,31-4005736,813-987-7519,2 Hollow Ridge Plaza,Selajambe Satu,233,27-Apr-2016
54868-5990,milavitsa,94-0828076,897-137-3307,05493 Lakewood Gardens Road,J?etsu,231,4-Jun-2016
52685-319,milavitsa,26-9223139,359-696-5418,8 Cordelia Junction,Baliuag,234,27-Apr-2014
42291-625,milavitsa,84-0261769,453-522-5065,52 Dexter Alley,Nizao,238,6-Jun-2017
0517-3415,milavitsa,16-8085689,406-832-1018,928 Armistice Parkway,Matina,242,23-Jan-2015
50268-512,milavitsa,59-8461778,289-358-6882,5423 Arkansas Trail,Layu,246,28-Aug-2016
68084-448,milavitsa,72-4346180,931-682-4650,32 Carpenter Avenue,Disina,250,20-Feb-2013
66993-709,milavitsa,34-1483432,717-535-4297,94 Browning Road,Fenoarivo Be,254,27-Dec-2016
55714-4607,milavitsa,56-3845468,902-655-9508,8372 Tennyson Way,Sekartaji,258,1-Jul-2016
49288-0640,milavitsa,68-0078412,259-497-4510,357 Washington Street,Xiping,266,10-Nov-2013
52125-530,milavitsa,22-8202764,713-484-6326,8814 Ruskin Junction,Sitabamba,270,18-Mar-2014
54458-947,milavitsa,46-3016976,729-872-8533,5294 Marquette Park,Volot,268,25-Nov-2016
63323-128,milavitsa,46-0262551,503-552-0168,92873 Vernon Point,Foz Sousa,276,18-Feb-2017
98132-176,milavitsa,69-0912349,247-714-8555,2 Graceland Circle,Pines,288,9-Apr-2014
0713-0135,milavitsa,96-3289646,368-754-1817,3207 American Center,Holboo,292,24-Jul-2016
65862-564,milavitsa,25-2780381,775-986-2129,949 Myrtle Parkway,Sabana Grande de Boyá,300,13-Sep-2013
49999-210,milavitsa,00-7129505,310-541-1581,0 Fairfield Drive,Saint-Priest-en-Jarez,304,31-May-2015
76237-103,milavitsa,69-2177982,688-232-0330,5843 Southridge Crossing,Inongo,308,8-Nov-2013
52544-495,milavitsa,92-4589795,134-373-2670,56905 Village Point,Dobra,312,17-Nov-2013
13537-043,milavitsa,67-2050350,432-862-9770,87014 Basil Alley,Amarillo,316,22-Dec-2015
52533-042,milavitsa,81-4664703,701-896-9565,3277 Goodland Junction,Kallar Kah?r,320,6-Nov-2017
11523-7370,milavitsa,10-7669559,948-769-0279,43686 Eastwood Hill,Al ?arajah,831,7-May-2014
13107-155,milavitsa,74-3497429,726-217-5778,3779 North Terrace,Dajalorong,324,19-Oct-2016
61715-032,milavitsa,03-6682279,356-783-6285,2 Ohio Junction,Hujigou,624,5-Mar-2015
36987-3218,milavitsa,92-6413786,216-714-4124,5295 Maple Wood Plaza,Yejia,328,29-Aug-2017
21695-156,milavitsa,84-7731250,743-213-7596,4 Mitchell Point,Xiaoyang,332,26-Jul-2016
13537-515,milavitsa,16-8394835,451-854-2537,5718 Harbort Center,Stockholm,336,16-Apr-2014
65862-077,milavitsa,16-7561301,488-647-2708,4 Shopko Place,Rassvet,340,3-Feb-2016
42023-116,milavitsa,37-6669895,618-658-3008,8196 Veith Court,Igaraçu do Tietê,348,13-Dec-2014
41520-546,milavitsa,54-7210421,573-776-4798,257 Bobwhite Center,Santaluz,352,3-Sep-2017
13734-126,milavitsa,32-0949215,118-985-5111,65 David Hill,Sangzhou,356,17-Oct-2014
50458-596,milavitsa,29-7349970,261-834-7269,06 Buell Point,Miramar,4,28-Jan-2016
49999-206,milavitsa,18-5064084,143-727-2413,553 Corscot Terrace,Guanajay,248,12-Nov-2015
0363-0443,milavitsa,55-7069691,639-416-3011,20 Sutteridge Pass,Magdalena,8,27-Dec-2013
61715-085,milavitsa,13-4750932,770-486-8237,0461 Sloan Way,Mont-Joli,12,16-Feb-2014
0273-7007,milavitsa,53-7978560,440-204-2405,5173 Corry Center,Cut-cut Primero,16,23-Jul-2014
55316-379,milavitsa,48-8226364,444-464-4944,05 Londonderry Drive,Shangjiangxu,20,22-Jun-2016
55648-991,milavitsa,28-4993402,987-841-7165,1389 Butterfield Hill,Baini,24,11-Nov-2013
49643-048,milavitsa,61-0829726,831-710-0078,0 Shopko Place,Pawing,660,2-May-2013
11822-0603,milavitsa,95-1263013,532-115-5897,6 Bobwhite Pass,La Victoria,28,4-Aug-2016
36987-2722,milavitsa,06-5964665,261-390-0154,62 Barnett Avenue,Sakété,32,27-Sep-2014
53329-010,milavitsa,33-3961619,990-872-4810,7 Dawn Park,Gorobinci,51,20-Jul-2017
49580-0115,milavitsa,31-9294395,663-304-1766,64155 Eagle Crest Street,Rizhao,533,5-Mar-2017
52376-040,milavitsa,74-2578417,612-841-7199,4 Rowland Avenue,Póvoa de Santo António,36,16-Jan-2015
41163-251,milavitsa,75-1847539,207-413-7968,6399 Johnson Avenue,Yuyao,40,9-Oct-2014
60505-0829,milavitsa,38-1201313,775-714-6095,5 Granby Plaza,Pembroke,31,9-Mar-2014
51285-690,milavitsa,13-2157386,477-793-6307,1 Bay Point,Nasielsk,44,24-Dec-2015
51346-053,milavitsa,75-7111368,943-367-6673,37852 Morningstar Lane,Metah?ra,48,11-Jul-2013
47335-928,milavitsa,70-4008575,127-850-6288,85 Messerschmidt Drive,Dimitsána,50,21-Mar-2014
13537-033,milavitsa,74-5272945,427-177-6599,545 Cody Junction,Cennan,52,16-Dec-2013
10702-025,milavitsa,32-7649201,780-637-0143,56 Anhalt Place,Chicago,112,13-Oct-2014
10237-736,milavitsa,49-6843728,351-951-4848,643 Muir Crossing,Sem?rom,56,2-Mar-2015
13537-364,milavitsa,66-0085969,220-708-2021,0 Green Ridge Drive,Zhulan,84,6-Dec-2016
68084-753,milavitsa,38-1321720,964-503-1680,174 Stoughton Lane,Tullamore,204,17-Oct-2015
44577-002,milavitsa,93-0544535,855-921-8838,4957 Mcbride Road,Vyshhorod,60,15-Nov-2014
0093-7425,milavitsa,73-5957215,409-167-8570,33609 Stang Road,Cortes,64,6-Jan-2017
61477-203,milavitsa,50-5466862,731-542-5034,6575 Jana Center,Mount Pearl,68,27-Aug-2016
54868-5010,milavitsa,81-1544613,321-657-1586,075 Center Lane,Asunción Mita,535,20-Mar-2013
13537-127,milavitsa,31-0277460,921-880-9205,1522 Dapin Hill,Taitung City,70,21-Mar-2013
59726-257,milavitsa,62-3623160,448-360-5796,608 Almo Circle,Ozatlán,72,12-Jul-2017
54799-897,milavitsa,06-9586056,470-734-3821,15 Burning Wood Park,Vogar,76,4-Jan-2015
53835-0001,milavitsa,77-5886663,450-440-6647,07104 Graedel Hill,Yunji,92,23-Jun-2014
98132-301,milavitsa,84-9114303,397-537-4239,0437 Rowland Pass,Gislaved,96,23-Apr-2014
10812-236,milavitsa,81-1487884,653-408-3858,58597 Lighthouse Bay Avenue,Tegalgede,100,20-Jan-2015
62211-220,milavitsa,63-6541976,484-806-9741,9404 Continental Junction,Enskede,854,11-Oct-2014
57520-0009,milavitsa,26-1815705,223-357-4279,612 Harbort Parkway,Mas‘adah,108,18-Mar-2016
52544-228,milavitsa,04-2597741,918-661-4018,35994 Sullivan Way,Sallins,116,9-Feb-2017
24909-132,milavitsa,87-9372462,610-293-8208,5 Eggendart Place,Sabana Grande de Boyá,120,8-Sep-2015
12546-613,milavitsa,64-7812453,955-742-2189,459 Petterle Hill,Kebonsari,124,19-Sep-2014
0378-4013,milavitsa,12-9807464,670-506-3591,92504 Lien Road,Montréal-Est,132,10-Sep-2014
54868-6045,milavitsa,28-4790255,550-443-6564,461 Melrose Circle,Pitogo,136,25-Dec-2014
43269-684,milavitsa,20-6546302,109-502-4477,440 Anthes Alley,Jibu,140,24-Jan-2014
31720-206,milavitsa,93-6677999,383-569-1840,79056 6th Court,Wagini,148,22-Oct-2017
98132-158,milavitsa,25-3386187,454-337-7151,48785 Dexter Park,Oshawa,830,8-Nov-2015
54569-0549,milavitsa,95-0633092,642-486-0330,5 Valley Edge Junction,Ganchazi,152,29-Nov-2015
61139-422,milavitsa,97-6759261,202-446-4742,21094 Waubesa Court,Troitskiy,156,14-Sep-2016
25021-824,milavitsa,02-3367180,507-728-8925,518 Randy Parkway,Valejas,344,29-Jan-2015
54868-5551,milavitsa,45-0521461,388-128-9462,5089 Dakota Street,Sukamulya,446,21-Jan-2015
68788-9787,milavitsa,57-4164791,327-322-3728,5411 Morningstar Terrace,S?jir,170,2-Feb-2013
68151-1364,milavitsa,43-9344374,517-403-2867,1 Di Loreto Crossing,Taklale,174,21-Jan-2016
59351-0309,milavitsa,79-2527872,906-548-6688,0 Claremont Park,San Francisco,178,17-Dec-2016
53808-0355,milavitsa,28-1857831,273-228-0819,38652 Macpherson Lane,San Vicente,184,7-Aug-2015
53104-0105,milavitsa,15-7417484,319-364-5742,478 Barnett Avenue,Sudimoro,188,30-Jul-2014
61957-2109,milavitsa,82-0833508,653-123-8697,414 Di Loreto Hill,Wolowona,384,5-Nov-2017
64679-273,milavitsa,32-1657443,944-986-3236,754 Sloan Plaza,Omoku,191,5-Apr-2013
60949-120,milavitsa,14-1933503,889-648-5795,3 Pearson Crossing,Trzin,192,25-Aug-2013
52125-776,milavitsa,54-3529471,606-801-6139,180 Quincy Avenue,Ganjur,531,19-Oct-2016
24658-220,milavitsa,74-0659742,907-592-0727,18 Moulton Trail,Sabh?,196,10-Dec-2016
24236-063,milavitsa,31-5349149,825-592-6629,95 Nobel Plaza,Malakal,203,16-Feb-2016
36987-2770,milavitsa,14-6115024,175-610-7368,3385 Basil Place,Guabito,408,11-Oct-2015
67544-403,milavitsa,86-1216410,658-377-2287,25 Loeprich Court,Vidovci,180,31-Aug-2013
52686-315,milavitsa,03-3916533,937-329-8958,77 Summerview Parkway,Tanghua,208,17-Aug-2013
44911-0120,milavitsa,43-7248110,294-485-3355,41774 Knutson Point,Carangola,262,17-Sep-2017
49349-586,milavitsa,20-2685456,747-128-4647,4 Brentwood Crossing,Phong ?i?n,212,28-Feb-2015
62750-027,milavitsa,89-7057946,148-803-9001,96513 Mallard Junction,Th? Tr?n Th? Xuân,214,8-Jul-2013
0075-8018,milavitsa,00-3580702,714-535-4428,9898 Northridge Terrace,Cayungnan,218,25-Jun-2016
58118-0001,milavitsa,85-3145902,887-731-5590,3487 Hollow Ridge Drive,Gaspra,818,14-Mar-2013
49726-023,milavitsa,07-7949834,375-900-8405,0249 Westridge Alley,Geta,222,25-Aug-2014
0074-3040,milavitsa,05-9470384,743-681-7241,86 Haas Drive,Jiuhua,226,3-Oct-2013
50114-1124,milavitsa,43-0812885,508-631-5120,579 Lakewood Gardens Hill,Palcza,232,11-Sep-2015
64942-1298,milavitsa,23-1630180,581-863-8040,5 Goodland Circle,Toulon,233,12-Dec-2015
50438-000,milavitsa,77-9801815,509-930-3322,67176 Thackeray Crossing,Agodim,231,14-Jun-2015
10267-1211,milavitsa,50-7392496,213-335-4287,4911 Upham Parkway,P?powo,234,21-May-2016
60760-495,milavitsa,48-5421439,178-181-4211,88 Stoughton Alley,Kronshtadt,238,24-Aug-2013
41525-6001,milavitsa,01-5993744,267-414-7595,9638 Schmedeman Trail,Krajan Puger Wetan,242,18-Oct-2016
53341-056,milavitsa,97-5125342,885-253-9451,4279 Troy Place,Yovon,246,11-Jul-2015
70253-299,milavitsa,54-6539146,124-453-8982,0292 Portage Point,Riangbaring,250,6-Jan-2017
49999-873,milavitsa,65-1375185,278-140-7744,6 Cottonwood Place,Amurzet,254,17-Sep-2014
60951-712,milavitsa,98-5526249,443-907-5962,1 Daystar Trail,Wuning,258,12-May-2013
60977-116,milavitsa,59-7307542,751-540-8470,84397 Haas Parkway,Iwamizawa,266,8-May-2014
10202-484,milavitsa,00-9785167,487-444-6932,6490 Valley Edge Place,Pembroke,270,3-Jul-2017
52125-416,milavitsa,36-5330561,260-622-6859,5 Del Sol Crossing,Matão,268,16-Sep-2015
54868-4091,milavitsa,22-5966630,451-415-7917,9 Lakewood Gardens Pass,Suphan Buri,276,13-Oct-2017
63776-450,milavitsa,15-7788933,299-536-8764,2 Corry Point,L?c Bình,288,26-Dec-2016
54868-4074,milavitsa,49-6558483,578-724-9478,04025 Emmet Terrace,Ozurgeti,292,9-Mar-2015
48951-1144,milavitsa,97-0254181,871-778-8756,72730 Hansons Plaza,Mae Wang,300,26-Jun-2017
64117-921,milavitsa,10-5500394,431-501-2749,5583 Mallard Lane,Viljandi,304,21-Apr-2016
0378-4735,milavitsa,52-4148382,536-881-5544,0 Canary Alley,Tuhe,308,30-Nov-2016
10202-379,milavitsa,88-6694483,347-662-6471,193 Donald Pass,Amsterdam Oud Zuid en Rivierenbuurt,312,15-Sep-2013
43269-836,milavitsa,65-2395538,459-295-7990,36194 Florence Crossing,Yedun,316,23-Jun-2016
50051-0011,milavitsa,72-2114854,448-527-6866,71685 Weeping Birch Junction,Miaoquan,320,2-Dec-2013
68308-152,milavitsa,23-7094135,639-909-0058,1 Londonderry Circle,Skerries,831,25-Feb-2014
45156-2250,milavitsa,83-5927462,689-224-4124,18 Orin Alley,Yanmenkou,324,24-Oct-2016
0904-5992,milavitsa,29-0530147,899-127-9618,0 International Road,Petrijevci,624,20-Mar-2016
53808-0377,milavitsa,22-4329822,640-689-7867,59 David Terrace,Baise City,328,21-Jan-2015
41520-528,milavitsa,92-9389726,178-428-5489,28 Crowley Lane,Pancan,332,8-Jan-2017
41250-866,milavitsa,03-2428615,727-392-7473,73 Harper Street,Al Bahl?l?yah,336,22-Mar-2014
54868-2656,milavitsa,36-9558862,658-781-6882,915 Independence Lane,Bergen op Zoom,340,10-May-2013
51460-4967,milavitsa,86-4715601,825-127-9674,7893 Stone Corner Lane,Kota Kinabalu,348,31-Mar-2013
0781-1439,milavitsa,32-2604050,467-474-2898,3353 Kedzie Terrace,Grati Satu,352,16-May-2016
57554-110,milavitsa,33-4504219,752-109-1498,97 Melby Way,Köpingsvik,356,7-Jan-2017
57520-0001,milavitsa,96-1822070,630-759-6298,7 Rowland Lane,Wuluhan,4,30-Dec-2016
49288-0093,milavitsa,56-5045746,265-181-0444,1 Messerschmidt Alley,Gedera,248,10-Dec-2016
67781-252,milavitsa,39-0970662,966-982-5768,749 Arkansas Center,La Rochelle,8,16-Mar-2017
0603-4975,milavitsa,12-1879648,121-132-2582,173 Ronald Regan Hill,Santa Teresa,12,7-Aug-2014
22700-128,milavitsa,32-3025942,238-901-6305,12 Meadow Ridge Lane,Puerto Galera,16,30-May-2017
50436-7053,milavitsa,99-3164468,480-900-4582,44 Little Fleur Center,Yelyzavethradka,20,18-Nov-2017
53499-7272,milavitsa,84-9098342,776-670-9647,2 American Center,Tushi,24,28-May-2015
51393-6667,milavitsa,41-1776811,525-101-9143,5 Moose Way,Kamenica,660,10-Jun-2017
50458-398,milavitsa,48-4770081,209-152-8873,1135 Nova Crossing,Kroczyce,28,8-Sep-2015
0093-2210,milavitsa,19-7853044,575-466-4218,8 Dahle Park,Candelaria,32,13-Jun-2015
0268-0002,milavitsa,43-7993175,655-984-4240,105 Oneill Alley,Sandefjord,51,2-Nov-2016
49288-0384,milavitsa,85-6775484,865-540-3420,226 Eastlawn Parkway,Xichuan,533,6-Aug-2017
41163-578,milavitsa,58-7589558,439-376-3357,1 Jackson Point,Perovo,36,4-Nov-2015
43063-493,milavitsa,63-9121672,286-922-3118,6453 Charing Cross Court,Qixingtai,40,15-Feb-2016
35356-580,milavitsa,03-3494244,512-914-8282,62 Continental Avenue,Jand,31,15-Dec-2013
43063-240,milavitsa,99-7389781,440-564-8966,27 Brown Lane,Urus-Martan,44,25-Feb-2017
55319-805,milavitsa,10-0623705,738-875-7823,493 Toban Trail,Kagoshima-shi,48,7-Dec-2015
47781-303,milavitsa,14-1943040,320-437-8997,4383 Express Terrace,Kalembutillu,50,13-Nov-2015
58194-010,milavitsa,75-3195241,984-787-5639,65888 Red Cloud Junction,Simabur,52,22-Dec-2015
58232-0752,milavitsa,32-9330296,835-121-3938,98 Jackson Court,Danville,112,25-Oct-2015
49288-0908,milavitsa,38-9134576,864-508-0409,11 Havey Alley,Qiuchuan,56,6-May-2015
55714-2297,milavitsa,30-2251359,773-140-1360,66 Dixon Terrace,Katsikás,84,12-Jun-2016
24385-133,milavitsa,57-4973214,571-793-6191,52 Sycamore Park,Varennes,204,8-Feb-2016
67239-0203,milavitsa,96-7926940,981-664-8475,2 Gulseth Drive,Karolinka,60,25-Sep-2016
63187-035,milavitsa,69-6480954,177-322-2994,1 Waxwing Hill,Christchurch,64,13-Jul-2017
0065-0332,milavitsa,93-7481625,859-886-4958,19401 Debra Street,Gustavsberg,68,20-Sep-2014
0781-3210,milavitsa,21-8659190,952-836-5648,24 Upham Plaza,Huimin,535,26-Apr-2016
59779-003,milavitsa,26-9858605,119-221-2663,6 Saint Paul Road,Lamalewar,70,3-Feb-2016
68645-485,milavitsa,77-3618478,931-362-3963,74238 Atwood Court,Wielichowo,72,18-Feb-2016
11523-1314,milavitsa,43-2156704,319-894-3536,602 Mifflin Alley,Shawnee Mission,76,15-Oct-2017
0777-3107,milavitsa,50-0009662,858-757-4494,90830 Sundown Plaza,Khirdalan,92,18-Sep-2017
58161-155,milavitsa,19-0611699,845-922-1774,9 Harper Alley,Selikhino,96,1-Apr-2016
0069-0155,milavitsa,11-4116881,541-236-1866,12 Bashford Court,Na Thawi,100,17-Apr-2014
50436-3501,milavitsa,84-0619483,244-919-5985,75059 Carioca Terrace,Shengmi,854,24-Sep-2017
55154-2085,milavitsa,76-8000031,255-296-2742,83 Stephen Circle,Creil,108,10-Apr-2016
68001-186,milavitsa,77-8168439,445-806-3575,8 Merrick Junction,Sa Bot,116,10-Aug-2016
65585-508,milavitsa,00-7353465,171-841-7738,6614 Brickson Park Crossing,Mikun’,120,9-Jan-2017
52125-613,milavitsa,59-9501583,469-669-4943,4 Waywood Park,Maumbawa,124,12-Oct-2017
54868-4155,milavitsa,80-9977350,426-354-7896,8991 Ludington Junction,Beranci,132,7-Jun-2016
54868-2908,milavitsa,01-0438881,580-695-6359,0490 Annamark Junction,Millau,136,22-Apr-2013
37808-368,milavitsa,14-1213263,900-791-1151,28395 Oxford Junction,Goz Béïda,140,1-Aug-2015
49288-0742,milavitsa,01-9424181,158-581-0142,4549 Blue Bill Park Circle,Madalum,148,31-Jan-2013
51672-4044,milavitsa,84-4567782,650-627-7017,87 Granby Road,Lwówek ?l?ski,830,13-Jul-2015
61328-002,milavitsa,02-6632092,791-964-7337,23947 Northfield Avenue,Pagak Kulon,152,7-Jan-2017
43305-1030,milavitsa,58-2076930,602-703-5289,07 Kedzie Circle,Lapuyan,156,4-Mar-2016
64117-213,milavitsa,10-5577113,846-415-3435,18 Little Fleur Alley,Kota Kinabalu,344,8-May-2015
68703-028,milavitsa,14-6222950,993-655-0844,0767 Delaware Crossing,S?r?b,446,8-Sep-2015
55289-119,milavitsa,42-7607308,141-971-0765,06867 Rowland Crossing,Trollhättan,170,11-Aug-2014
54868-5230,milavitsa,23-7472667,875-529-6738,7 Gateway Way,Krajan,174,7-Nov-2017
10565-073,milavitsa,59-0720772,600-336-1373,26 Sunfield Drive,Pilar,178,12-Jun-2015
41250-528,milavitsa,51-2450284,975-501-3606,3 Victoria Drive,Micheng,184,14-Mar-2017
32909-723,milavitsa,37-0450230,741-351-4956,61887 Carey Plaza,Maumbawa,188,5-Nov-2014
51672-1310,milavitsa,80-9091077,445-491-3056,0623 Memorial Trail,D?ugosiod?o,384,29-Jul-2014
60512-6669,milavitsa,78-6719923,670-677-8691,094 Morningstar Center,Peruíbe,191,18-Mar-2014
0406-8553,milavitsa,53-7060583,852-431-9282,40 Clove Avenue,Xingguo,192,8-Nov-2014
40032-551,milavitsa,21-2320159,938-338-2469,70968 Anniversary Plaza,Montgomery,531,11-Jul-2015
65044-2296,milavitsa,86-0356163,332-571-0323,61 Dovetail Lane,Syracuse,196,25-Jul-2015
48951-7014,milavitsa,39-4598661,269-123-3855,8140 Evergreen Crossing,Cachoeiras de Macacu,203,15-Dec-2016
33261-174,milavitsa,67-1995503,711-470-4948,0971 Merrick Hill,Imotski,408,24-Jul-2016
36987-2359,milavitsa,09-5238816,303-622-3696,7196 South Street,Demak,180,25-Aug-2015
64922-240,milavitsa,22-6678726,729-378-9869,0 Lillian Lane,Villasis,208,28-May-2014
63691-008,milavitsa,57-4270878,436-594-6249,9 Lakewood Road,Nyagla,262,13-Mar-2017
64125-137,milavitsa,81-4660157,957-766-2045,86 Oakridge Terrace,Johanneshov,212,31-May-2016
65862-040,milavitsa,56-9827416,285-640-6342,2 Coleman Junction,Salinas,214,23-Aug-2016
55312-358,milavitsa,39-3199752,186-929-4768,2575 Bayside Crossing,Zlatograd,218,24-May-2016
55111-548,milavitsa,74-2109686,198-337-5011,5914 Maple Park,Kalate,818,30-Dec-2014
0781-5276,milavitsa,18-9787061,343-544-6048,4126 Sugar Alley,Caldas da Felgueira,222,10-Dec-2016
0065-0474,milavitsa,08-7030025,188-550-8994,98257 Becker Pass,Mahaica Village,226,16-Dec-2013
67510-0082,milavitsa,00-3025947,246-744-1726,9838 Mallard Center,Sosnovka,232,26-Mar-2015
33261-896,milavitsa,45-9225315,318-128-2225,3912 Bellgrove Park,San Jose,233,3-May-2014
68084-466,milavitsa,94-2059807,454-534-8208,6 Roxbury Alley,Makueni,231,27-May-2015
51439-001,milavitsa,22-3367812,136-165-5565,2 Del Sol Avenue,Wenquan,234,29-Aug-2016
37205-960,milavitsa,10-5559979,826-393-9967,79265 Vermont Trail,D?lband?n,238,2-Apr-2013
63002-002,milavitsa,13-9126112,231-840-1245,54603 Londonderry Pass,Repnoye,242,7-May-2017
36987-2928,milavitsa,27-8110373,903-376-2414,1 Maywood Parkway,Dingzhai,246,3-May-2013
63629-5321,milavitsa,98-9708475,351-158-1929,610 Westport Plaza,Danghara,250,16-Dec-2013
42549-513,milavitsa,58-9831472,417-486-3213,05 Eastwood Lane,Guizi,254,26-Jun-2017
0268-0104,milavitsa,62-1178791,646-106-8969,064 Heffernan Court,Tyoply Stan,258,5-Jun-2017
0009-0827,milavitsa,64-1985491,569-344-8561,2 Roth Hill,Créteil,266,2-Aug-2017
65597-105,milavitsa,74-3208541,101-248-3095,44 Dovetail Circle,Boshan,270,14-Sep-2017
65044-2315,milavitsa,17-6753478,615-686-6907,50506 3rd Place,Nakhon Chai Si,268,8-Sep-2014
54868-4497,milavitsa,89-0156299,585-686-2328,4450 Jackson Place,Niquinohomo,276,14-Mar-2015
68745-1053,milavitsa,71-5127138,869-903-9773,2791 Melrose Parkway,Šluknov,288,24-Jul-2013
64679-712,milavitsa,13-1878937,879-764-8897,4387 Fallview Lane,Bayt ?l?,292,20-Apr-2017
76282-210,milavitsa,34-6933921,275-302-3669,71 Service Trail,Paris La Défense,300,14-Aug-2016
49580-0108,milavitsa,73-0260481,589-686-1576,206 Vernon Center,Arroyito,304,2-May-2016
55289-779,milavitsa,42-9720501,584-766-6221,8938 Mariners Cove Road,Bulawayo,308,26-Oct-2016
0904-5843,milavitsa,45-5113449,869-409-2797,32 Columbus Lane,????????,312,10-Dec-2013
0591-0407,milavitsa,93-3655788,299-299-0964,706 Hallows Trail,Rohia,316,7-Jan-2015
38755-0111,milavitsa,62-7570174,317-894-6290,97 Colorado Park,Espumoso,320,2-Aug-2014
13630-0044,milavitsa,03-3816123,609-854-8374,45 Petterle Alley,Svetlyy Yar,831,29-May-2014
49288-0860,milavitsa,71-7371008,783-175-7534,58530 Grim Parkway,Verkhniye Kigi,324,7-Dec-2015
54868-2352,milavitsa,83-3552614,159-605-5447,4529 Fallview Place,Cockburn Town,624,31-May-2013
60505-0041,milavitsa,44-2533221,918-163-8157,5159 Northview Lane,Camlachie,328,17-Aug-2017
49349-040,milavitsa,58-7642010,386-796-9367,835 Boyd Trail,Suban Jeriji,332,1-Jun-2013
37000-258,milavitsa,17-3045786,355-523-0548,353 Talmadge Street,Diyarb Najm,336,14-Jan-2016
65162-048,milavitsa,86-9845452,906-793-7524,417 Myrtle Park,Tanjungluar,340,6-Jul-2015
49967-993,milavitsa,43-5848158,110-962-3864,5686 Chinook Circle,Regente Feijó,348,7-May-2017
47781-205,milavitsa,84-6194183,294-813-5504,20 Blackbird Place,Tanjungbahagia,352,2-Aug-2014
11390-004,milavitsa,18-6160555,201-123-5548,33946 Jana Place,San Marcos,356,29-Sep-2016
60505-2518,milavitsa,71-9749714,705-536-1822,1348 Surrey Point,P?íšovice,4,27-Aug-2016
0168-0434,milavitsa,29-9964580,159-497-3115,16 Fieldstone Hill,Lang,248,18-Aug-2017
64942-1322,milavitsa,95-5938323,406-405-4765,66 Transport Terrace,?bu,8,1-Mar-2017
10889-110,milavitsa,04-5667770,960-436-3353,7199 Birchwood Lane,Mentaraman Satu,12,14-Feb-2015
43063-343,milavitsa,26-4206429,335-510-0509,0798 Green Ridge Road,Independencia,16,4-Feb-2013
11673-871,milavitsa,30-5143856,191-907-1491,46165 Division Junction,Mont-Joli,20,14-Apr-2014
50419-346,milavitsa,01-1420250,171-670-0122,2 Cardinal Crossing,Krajan Menggare,24,28-Dec-2014
65162-415,milavitsa,67-0414361,851-278-3290,060 Hanover Park,R?-ye Sang,660,22-Jun-2015
53041-152,milavitsa,03-0927252,794-552-5588,08760 Grayhawk Pass,Litian,28,20-Sep-2016
42654-001,milavitsa,97-5885972,355-691-6129,4024 Ridgeview Pass,Nangkasari,32,4-Apr-2017
36987-3445,milavitsa,32-9102825,178-999-2301,6 Truax Junction,Itapira,51,6-Nov-2015
68308-910,milavitsa,14-0299740,535-556-0155,4710 Pleasure Pass,Sukasetia,533,1-Dec-2016
54868-5789,milavitsa,63-6586973,624-328-9096,5834 Everett Place,Shijie,36,15-Oct-2015
17478-932,milavitsa,83-9984590,379-715-0946,01 Carey Court,M?m?n?yeh,40,20-Sep-2013
16590-214,milavitsa,77-1987956,645-314-4952,204 5th Park,Vyškov,31,29-Oct-2013
59667-0093,milavitsa,10-6459676,918-557-3415,0849 Meadow Vale Lane,Moravský Krumlov,44,3-Sep-2016
61442-121,milavitsa,48-4605414,391-488-1519,46 Valley Edge Alley,Paisha,48,14-Mar-2015
55154-1390,milavitsa,86-3371077,387-649-0668,3322 Carpenter Plaza,Metz,50,6-Dec-2015
36987-2424,milavitsa,47-0785869,298-519-0365,862 Elmside Junction,Dahao,52,26-Mar-2014
41163-280,milavitsa,34-2681072,847-275-1324,065 John Wall Pass,Arnprior,112,12-Sep-2016
55289-096,milavitsa,56-0867226,389-982-2679,5866 Jana Way,Changhua,56,14-Feb-2015
42254-267,milavitsa,36-0044228,453-980-4174,5 Waxwing Avenue,Florence,84,25-Sep-2014
50419-491,milavitsa,87-6288210,531-719-8874,92476 Victoria Plaza,Sartana,204,15-Jan-2016
66078-035,milavitsa,06-3778261,346-872-0875,34323 Daystar Alley,Talisay,60,6-Aug-2017
43419-545,milavitsa,18-5208873,460-661-6712,24319 Moose Crossing,Talisay,64,15-Mar-2014
0409-1209,milavitsa,19-6300558,696-639-8667,03938 Lakewood Gardens Parkway,Cachipay,68,10-Jan-2016
0259-3192,milavitsa,36-3270315,782-840-9852,3748 Longview Circle,Tianyi,535,14-Jul-2016
0904-6079,milavitsa,09-5939216,584-236-2425,25 Loeprich Center,Trélissac,70,6-Mar-2016
68987-011,milavitsa,84-1433688,917-445-1843,5 Lien Park,Pigcawayan,72,6-Mar-2017
25000-114,milavitsa,96-2114724,363-505-7853,7370 Arkansas Road,Saint-Louis du Sud,76,17-Mar-2016
50474-931,milavitsa,17-4906394,656-897-6717,22 Jenna Junction,Kombandaru,92,30-Apr-2015
58231-002,milavitsa,23-9754377,303-166-3035,13081 Meadow Ridge Parkway,Pniv,96,20-Mar-2014
65691-0104,milavitsa,49-4832441,159-368-6898,935 Sachs Alley,Olesno,100,3-Mar-2015
36987-1606,milavitsa,90-2326842,381-736-1102,41303 Hollow Ridge Street,Al Ma?ar?yah,854,15-Nov-2014
59779-077,milavitsa,25-5369673,543-176-9581,205 Doe Crossing Road,Shihuajian,108,12-Nov-2017
65162-602,milavitsa,25-4706477,831-116-0560,68064 Di Loreto Parkway,Guayabal,116,3-Oct-2013
68001-139,milavitsa,63-5574066,101-911-6964,4 Brentwood Road,Eybens,120,22-Jun-2013
53329-975,milavitsa,29-7084504,267-583-1524,9 Ridgeview Court,Zhdanov,124,11-Jul-2016
53808-0913,milavitsa,13-8117859,719-103-3337,7005 Alpine Alley,Slavyanovo,132,5-Dec-2014
61935-001,milavitsa,79-7795147,504-830-9409,95684 Dexter Place,Campbellton,136,13-Feb-2017
68382-056,milavitsa,64-6843709,689-635-9215,58 Hanover Park,Namerikawa,140,28-Nov-2016
43269-841,milavitsa,45-7660098,706-592-5260,8 Moose Point,Liuyuan,148,20-May-2016
50458-579,milavitsa,64-1984967,809-398-7490,3678 La Follette Point,Gémeos,830,31-Jan-2013
57520-0503,milavitsa,10-0077526,860-719-0925,159 Memorial Lane,Pimenta Bueno,152,13-Jul-2017
65044-2863,milavitsa,85-1725885,435-719-2183,7396 Basil Street,Ginowan,156,2-Aug-2013
43596-0022,milavitsa,55-0259852,915-292-4072,3 Marcy Junction,Anto,344,18-Jul-2014
52125-448,milavitsa,01-4713159,172-253-1142,46291 Muir Road,Polj?ane,446,5-Feb-2014
62756-202,milavitsa,02-2685736,999-570-1385,04073 Maryland Center,Yifaquan,170,17-Apr-2015
37000-114,milavitsa,57-4525852,975-152-7510,46 Dennis Way,Shiozawa,174,16-Sep-2015
99207-850,milavitsa,44-7937562,425-703-4292,2 Linden Road,Kampene,178,18-Feb-2016
52709-0901,milavitsa,82-8456726,463-707-1412,34508 Grim Plaza,Paracatu,184,26-Oct-2017
51079-548,milavitsa,41-8105950,814-433-3953,70969 Miller Circle,Pancol,188,5-Jul-2016
67510-0662,milavitsa,31-1791912,795-785-4351,699 Dorton Lane,Clichy,384,6-Dec-2013
63941-112,milavitsa,87-4039058,929-975-4674,70 Oak Valley Way,Kolympári,191,16-Apr-2014
64141-012,milavitsa,11-8032000,762-156-0730,202 Straubel Crossing,Huidong,192,12-Dec-2014
63739-455,milavitsa,37-8145266,368-902-5651,155 Merchant Plaza,Hongxing,531,28-Dec-2014
35192-012,milavitsa,81-9347144,770-390-4833,584 Ilene Place,Chaguaní,196,27-Aug-2016
68016-291,milavitsa,03-9274885,471-597-2068,0 Armistice Center,Strasbourg,203,8-Nov-2016
60429-355,milavitsa,37-6956370,771-402-5369,99191 Ryan Crossing,Balaogan,408,16-Sep-2013
54575-175,milavitsa,58-6653942,108-300-0274,784 Ruskin Place,Amapala,180,14-Aug-2017
54868-3426,milavitsa,18-9985611,607-742-4506,6 Northport Hill,Ciudad Ojeda,208,7-Dec-2013
24653-801,milavitsa,32-5382018,287-323-0016,24091 2nd Pass,Paico,262,26-Oct-2015
37808-491,milavitsa,74-5125129,948-275-0594,02798 Bunker Hill Drive,Drammen,212,20-Jan-2014
0517-0101,milavitsa,09-5236985,846-342-5610,25448 Magdeline Drive,Dawu Chengguanzhen,214,16-Nov-2013
0591-2158,milavitsa,88-8179557,723-921-0712,19429 Homewood Drive,Rungis,218,23-Jul-2014
33992-0503,milavitsa,27-9524273,426-667-2883,5 Havey Hill,Gangtun,818,5-Nov-2014
0088-2225,milavitsa,81-8590549,211-258-0458,3732 Namekagon Place,Qingshan,222,3-Jul-2017
63629-3548,milavitsa,87-9996969,590-519-1068,67 Mcguire Point,Aipe,226,14-Mar-2014
58118-4034,milavitsa,60-5291700,118-396-4977,774 Esker Park,Liudong,232,3-Aug-2015
10237-694,milavitsa,00-9729490,827-855-2008,0 Derek Parkway,Xinchengpu,233,20-Apr-2014
43269-877,milavitsa,27-1627296,466-484-3260,8 Badeau Avenue,Trbovlje,231,12-Jul-2015
68151-1738,milavitsa,83-6415913,829-143-1111,13306 Sugar Plaza,Guyi,234,9-Mar-2017
43857-0017,milavitsa,85-4271438,260-197-1609,361 Forster Hill,Mikhaylov,238,28-Jan-2017
52685-378,milavitsa,27-8330332,332-715-2357,3578 Dahle Street,Talok,242,25-May-2014
69152-0528,milavitsa,19-3151967,902-815-5492,3323 Pennsylvania Drive,Sechelt,246,9-Jul-2014
49288-0447,milavitsa,26-8291023,175-940-9936,7 Graceland Junction,Sicheng,250,29-May-2013
0338-1123,milavitsa,71-6815479,512-354-1728,975 Myrtle Drive,Sacramento,254,11-Jan-2017
36987-3352,milavitsa,92-4817316,172-114-2171,71 Portage Pass,Krasnokholmskiy,258,1-Feb-2015
55714-2351,milavitsa,11-1842732,973-963-7594,11 Lighthouse Bay Way,Bunga Mas,266,1-Sep-2015
0268-0248,milavitsa,91-4205521,631-723-2190,1 Dapin Terrace,Bojnik,270,21-Jun-2017
50988-400,milavitsa,38-9434513,628-211-6929,498 Sullivan Trail,Huyuan,268,25-Oct-2013
14743-102,milavitsa,03-8076176,448-341-8961,11 Glendale Parkway,Cavaillon,276,18-Jun-2015
66472-025,milavitsa,70-3953187,830-576-7768,176 Cardinal Hill,La Soledad,288,18-Jun-2014
0187-2045,milavitsa,62-7809682,674-705-2937,5 Bartillon Point,El Peñol,292,14-Mar-2013
49614-114,milavitsa,29-4903727,560-508-6291,61162 Buell Terrace,Beidong,300,9-Aug-2015
68382-017,milavitsa,20-9075821,625-213-0656,053 Rutledge Park,Nabunturan,304,6-Oct-2014
24623-049,milavitsa,25-3211171,247-843-5006,06705 Weeping Birch Court,Mucurapo,308,4-Nov-2015
64980-169,milavitsa,44-9786387,461-406-5214,1 Upham Pass,Chorente,312,12-Feb-2014
54868-4232,milavitsa,10-3760698,134-759-7520,64 Dakota Plaza,Kinalansan,316,12-Aug-2016
68016-013,milavitsa,42-4449872,441-395-1022,971 Mockingbird Court,Los Cóndores,320,31-Dec-2013
41163-595,milavitsa,00-6447165,173-128-9167,457 Helena Parkway,Almeirim,831,23-Feb-2017
0378-0135,milavitsa,65-2201599,706-655-0581,0495 Ridgeway Avenue,Solna,324,30-May-2015
33261-131,milavitsa,51-1611081,462-696-9771,16 Harbort Avenue,Casma,624,27-Jun-2014
52959-400,milavitsa,37-5682339,751-628-7546,3 Huxley Street,Föglö,328,11-Feb-2014
76439-244,milavitsa,54-0238101,534-421-2476,02744 Toban Plaza,Ponta Porã,332,31-Dec-2015
0555-0973,milavitsa,75-6989780,151-107-9522,0 Twin Pines Junction,Mitrofanovka,336,1-Aug-2013
0009-0280,milavitsa,89-9297808,481-712-9673,28 Browning Pass,Dal’nerechensk,340,25-Aug-2014
33261-215,milavitsa,97-4620900,487-678-8141,21250 Manley Alley,Trzebiatów,348,19-Jul-2017
41250-959,milavitsa,96-9990819,225-877-4792,2 Lerdahl Court,Fuzhai,352,23-Sep-2017
0555-0595,milavitsa,62-6390621,592-795-6843,6932 American Ash Road,Bambang,356,20-Apr-2015
54569-0434,milavitsa,47-5088331,373-882-2315,93741 Scofield Plaza,Itaituba,360,15-Jun-2016
50563-108,milavitsa,06-2044442,388-505-6204,91 Glacier Hill Street,Kemang,364,15-Oct-2014
67457-226,milavitsa,12-2760143,617-403-0431,59796 Sullivan Trail,Maliang,368,1-Apr-2014
57520-0587,milavitsa,65-1471786,779-378-1457,8035 Briar Crest Place,Teplice,372,31-Jul-2015
63941-053,milavitsa,80-8612237,876-393-8987,04746 Ridgeview Road,Majayjay,833,2-Sep-2017
21220-127,milavitsa,25-1543861,746-299-9923,8675 Almo Alley,Beolgyo,376,3-Apr-2017
0615-7625,milavitsa,11-0085128,515-978-5079,413 Lake View Center,Yanshang,380,18-Jun-2017
60429-765,milavitsa,50-6414728,615-167-6326,242 Roxbury Hill,Krajan Langenharjo,388,21-Dec-2013
62011-0233,milavitsa,91-0104262,787-484-3510,5313 Blue Bill Park Lane,Skokovi,392,4-May-2013
58177-368,milavitsa,08-4345803,342-636-7292,240 Main Place,Milano,832,3-Jun-2014
63629-3449,milavitsa,05-3005640,712-909-5888,5 Debra Alley,Lubin,400,19-Apr-2015
59779-944,milavitsa,01-4594706,559-954-6950,2835 Express Point,Wajak,398,27-Jan-2015
55648-743,milavitsa,99-2875974,565-271-7061,72 Canary Trail,Baozi,404,24-Dec-2014
43269-896,milavitsa,72-3967935,854-701-5554,150 Butterfield Avenue,Uba,296,23-Jul-2016
0187-0064,milavitsa,71-7939888,422-748-5297,27 Havey Drive,Richmond,414,28-Aug-2016
54868-4414,milavitsa,53-9023616,250-914-7952,06 Mccormick Plaza,Magitang,417,10-May-2014
61957-0900,milavitsa,33-3071522,354-414-9883,7 Stone Corner Park,Nizhyn,418,19-Mar-2017
55118-560,milavitsa,94-5853843,977-112-8467,33 Mcguire Center,Saumur,428,5-Oct-2013
63347-120,milavitsa,60-3210969,829-789-6306,1587 Vernon Trail,Insrom,422,12-Sep-2013
57955-0055,milavitsa,68-0396150,538-733-9682,40743 Green Pass,Las Flores,426,15-Apr-2014
61119-1001,milavitsa,86-9832004,874-316-6820,660 Anderson Terrace,Je?ów Sudecki,430,6-Jun-2017
54868-3832,milavitsa,89-7875545,215-508-4560,432 Ridge Oak Avenue,Nirasaki,434,28-Jul-2017
59054-120,milavitsa,62-7833693,980-998-7471,722 Oneill Circle,East Migpulao,438,6-Apr-2016
41167-3330,milavitsa,71-1768790,711-725-6296,83187 Butterfield Trail,Pasiripis,440,20-Sep-2015
63187-180,milavitsa,88-2294680,116-249-5154,069 Amoth Avenue,Baoyang,442,17-Jan-2014
0004-6415,milavitsa,24-8244885,332-588-6639,7 Red Cloud Point,Cankuzo,450,22-Nov-2016
0536-3756,milavitsa,68-5077501,691-797-3387,9296 Spenser Place,Biên Hòa,454,22-Dec-2016
55749-002,milavitsa,02-1449665,361-967-9753,8 Village Green Place,Daraitan,458,26-Jun-2014
62856-350,milavitsa,35-7487061,161-533-8139,1979 Montana Way,Cibunar,462,26-Apr-2017
54473-151,milavitsa,56-8661620,292-756-1815,1694 Shasta Road,Mabasa,466,13-Jan-2014
49999-378,milavitsa,87-9311825,997-482-0915,97 Aberg Place,Solna,470,5-Oct-2013
58118-2274,milavitsa,90-7004753,483-438-3640,21 Acker Way,Walton,584,9-Dec-2015
37000-072,milavitsa,47-7832903,876-696-4738,81 Schmedeman Hill,Cisownica,474,5-Oct-2013
41190-951,milavitsa,02-8469570,985-691-8176,00 Cambridge Junction,Guangchen,478,16-Jan-2013
62742-4064,milavitsa,70-8570488,126-170-4999,65564 Farwell Pass,Fuxing,480,4-Jun-2015
41520-407,milavitsa,40-9384195,291-888-0458,9 Rowland Crossing,Cabcaben,175,29-May-2014
53808-0744,milavitsa,91-1194021,408-265-5652,9566 Dorton Drive,Longcun,484,14-Sep-2016
68151-3566,milavitsa,91-4671745,492-200-1994,03 Northridge Drive,Majiao,583,27-Oct-2014
16252-568,milavitsa,36-2414137,354-926-4605,64961 Cherokee Terrace,Open Stage,492,19-Aug-2014
52125-327,milavitsa,86-3525121,383-549-2187,85165 Bellgrove Street,Lamongan,496,26-Mar-2015
67777-408,milavitsa,63-2199520,733-583-6211,05 Lotheville Trail,Byumba,499,16-Sep-2014
16590-207,milavitsa,11-3664405,488-942-8077,7 Lakeland Plaza,Bang Lamung,500,2-Feb-2014
68016-136,milavitsa,72-8405330,256-271-3291,79480 Southridge Place,Mar?dah,504,23-Feb-2016
52380-3191,milavitsa,66-3665751,770-326-9491,1 Roth Hill,Kirs,508,21-Oct-2014
36987-2472,milavitsa,72-5599727,496-611-1628,05 Clove Way,Saipan,104,20-Feb-2016
42858-303,milavitsa,06-3599325,183-981-8118,2 Graceland Road,Damai,516,14-Sep-2015
24208-539,milavitsa,92-6703903,571-553-2033,94 Loftsgordon Park,Montor Timur,520,4-Sep-2014
53942-243,milavitsa,62-6607235,865-643-2485,18 Straubel Terrace,Joypur H?t,524,12-May-2015
21839-091,milavitsa,42-2263352,697-182-7355,9 Hoard Trail,Nadrupe,528,3-Oct-2014
49288-0304,milavitsa,20-2493943,898-788-7951,378 Summerview Point,Tegalgede Kulon,540,22-Mar-2016
53808-0274,milavitsa,96-9163875,768-231-8663,8536 Lotheville Junction,Mýki,554,20-Oct-2016
51531-7497,milavitsa,68-8538471,808-553-1834,74 Dennis Trail,Billdal,558,26-Jan-2014
49288-0271,milavitsa,79-2982524,189-206-6680,4701 Canary Alley,Pragen Selatan,562,13-Aug-2013
51531-8365,milavitsa,25-8474003,246-310-0787,77 Raven Street,Seminole,566,7-Aug-2014
48433-307,milavitsa,87-4173641,836-563-9510,7 Susan Pass,Popayán,570,30-Jul-2017
55154-0537,milavitsa,02-5297117,551-603-5901,6 High Crossing Alley,Tiron,574,14-Jan-2014
0074-3956,milavitsa,80-6110186,468-324-8459,0 Blackbird Hill,Sagay,580,2-Sep-2015
51079-817,milavitsa,29-8028697,620-738-3340,0 Evergreen Terrace,Reykjanesbær,578,26-Oct-2016
0054-8531,milavitsa,54-2287333,652-829-5217,6 Stoughton Plaza,Jakobstad,275,26-Jul-2013
41595-6503,milavitsa,00-8025459,287-727-8888,7276 Mallory Court,Dalo,512,29-Jun-2017
65597-104,milavitsa,13-9108532,763-291-1211,92 La Follette Trail,Poputnaya,586,14-Jan-2013
55714-4625,milavitsa,39-0763278,829-379-3401,72758 Randy Place,Kumai,585,24-Oct-2014
60505-2587,milavitsa,50-4092080,548-686-0862,729 Grayhawk Court,Mutis,591,8-Jul-2015
51672-4052,milavitsa,91-1750915,841-885-6734,7 Hayes Avenue,Klukeng,598,15-Mar-2013
60505-6087,milavitsa,25-2009887,760-989-8059,7999 Macpherson Lane,Tupanciretã,600,11-Apr-2017
49967-516,milavitsa,50-5356320,113-334-7439,13 Melody Crossing,Bolian,604,7-Sep-2013
59062-1229,milavitsa,81-5929260,540-242-8900,9 Becker Circle,Quilino,608,14-Jul-2015
14060-010,milavitsa,90-2920034,450-153-5380,6 American Lane,Sabang,612,25-Feb-2016
52125-878,milavitsa,41-3210683,192-434-6703,30 Ridgeway Place,Balite,616,13-Apr-2015
52685-358,milavitsa,18-1279379,508-404-4152,083 Lakewood Gardens Circle,Soutinho,620,21-Apr-2013
55319-532,milavitsa,94-2970465,683-658-4023,2192 Orin Plaza,Gosty?,630,2-Jan-2015
0904-5463,milavitsa,10-5862267,792-749-8756,74 Quincy Trail,Skarbimierz Osiedle,634,2-Oct-2014
58232-0741,milavitsa,47-9923267,664-620-2358,277 Orin Circle,Ballybofey,410,22-Aug-2017
0597-0166,milavitsa,66-4688517,211-565-4768,450 Knutson Center,Mañazo,498,5-Aug-2013
17772-101,milavitsa,11-4384147,774-645-0724,337 David Point,West Palm Beach,638,26-Feb-2014
58394-016,milavitsa,78-8741295,248-969-3765,96436 Logan Point,São Mateus do Sul,642,18-Apr-2014
44946-1046,milavitsa,39-7298705,944-222-5202,397 Cherokee Point,?ernica,643,22-Mar-2017
98132-158,milavitsa,01-2925030,104-188-8770,9 Lakewood Park,Pánormos,646,13-Jul-2013
42254-087,milavitsa,44-8492830,412-214-1346,092 Calypso Street,Fort Macleod,652,8-Jul-2013
50484-490,milavitsa,68-5405428,346-980-7207,8 South Junction,Dongjiao,654,3-Aug-2013
64942-1335,milavitsa,92-5331370,937-810-6319,88 Moose Circle,Stockholm,659,27-Dec-2016
45156-5605,milavitsa,28-3354560,916-948-4582,2 Eagle Crest Pass,Dístomo,662,24-Sep-2013
45963-304,milavitsa,02-6582958,443-642-4622,7 Lakeland Parkway,Lysá nad Labem,663,31-Oct-2016
68180-105,milavitsa,22-9492501,396-982-8333,25043 Browning Lane,Alegre,666,16-May-2015
57237-055,milavitsa,41-6265909,160-469-3105,580 Sutteridge Center,Hegeng,670,16-Mar-2013
46287-014,milavitsa,87-3587258,473-726-9339,485 Mariners Cove Point,Dengmingsi,882,25-May-2014
0186-0370,milavitsa,55-0928600,189-628-9175,792 Arrowood Parkway,Qiwen,674,1-Mar-2017
63776-710,milavitsa,25-0623376,971-238-5450,534 Tomscot Street,Panggungsari,678,16-Jun-2013
41167-7449,milavitsa,83-1348287,431-566-6402,0964 Manitowish Place,Saihan Tal,680,2-Oct-2013
68453-950,milavitsa,59-0547681,597-305-9932,60124 Clarendon Alley,P?oniawy-Bramura,682,31-Jan-2013
0185-4400,milavitsa,72-0284260,433-391-3167,9 Leroy Plaza,Kebon,686,3-Nov-2016
17630-2025,milavitsa,28-7108818,262-715-3598,0471 Bowman Circle,Guia,688,13-Aug-2015
54575-218,milavitsa,28-6497201,100-625-5129,92 Brentwood Trail,Bornu Yassu,690,31-Oct-2014
68788-9072,milavitsa,26-7829743,874-650-8905,8586 Merchant Crossing,Goranboy,694,4-Oct-2017
0699-5740,milavitsa,37-7662128,562-343-8458,7740 Lyons Drive,Fengting,702,30-Oct-2014
0781-2148,milavitsa,56-2749119,171-298-3499,79219 Ridge Oak Pass,Hinthada,534,27-Feb-2014
36987-2420,milavitsa,22-6221925,966-747-3794,8703 Mayfield Center,Santana do Livramento,703,3-Nov-2014
54868-0242,milavitsa,70-7701097,852-218-6788,2075 Judy Drive,Nanling,705,23-Jul-2013
0404-6620,milavitsa,02-4957915,685-380-9525,91981 Surrey Road,Kretinga,90,17-Oct-2014
52125-265,milavitsa,44-0871845,643-974-7437,00413 Carioca Trail,Weiting,706,19-Nov-2015
0268-1259,milavitsa,29-6423398,193-442-5280,7025 Buell Parkway,Krasnyye Barrikady,710,15-Dec-2016
36987-2789,milavitsa,14-3397844,875-590-5189,243 Nobel Center,Bang Kruai,728,20-Apr-2016
50419-403,milavitsa,18-6651307,205-485-2993,8 Algoma Crossing,Bogo,724,12-May-2016
0430-0171,milavitsa,88-3538018,136-951-5806,16 Pearson Road,Magsalangi,144,22-Apr-2017
61995-2393,milavitsa,81-3234216,833-745-9504,25809 West Lane,Liqi,729,20-Mar-2016
58411-154,milavitsa,01-0965196,333-245-6798,8 Maryland Park,Oslo,740,3-May-2013
0078-0617,milavitsa,77-3843278,442-306-6981,510 Autumn Leaf Drive,Rimba Sekampung,744,10-Jan-2013
21695-844,milavitsa,95-6320436,842-131-2403,0714 Browning Drive,Baidian,748,16-Aug-2015
37205-762,milavitsa,83-3665794,994-787-1141,24392 Mallory Place,Kojagete,752,5-Oct-2013
52124-0107,milavitsa,08-5935519,306-641-4185,258 Lien Junction,Huaizhong,756,1-Oct-2015
11084-532,milavitsa,65-0736230,742-214-1672,7716 Arkansas Street,Krajan Dua Sumbersari,760,24-Mar-2017
21839-101,milavitsa,83-9179927,367-303-0351,4684 Marcy Parkway,Miramichi,762,22-Feb-2016
62011-0070,milavitsa,10-3454043,144-909-2808,10 Linden Crossing,Ô Môn,764,10-Jun-2017
49288-0923,milavitsa,54-1463935,350-933-2741,25 Vahlen Drive,Raychikhinsk,807,3-Dec-2013
61245-116,milavitsa,48-9715870,284-230-5806,59 Ohio Street,Skokovi,626,14-Jan-2017
33992-2270,milavitsa,59-0475529,738-817-3199,3 Bultman Center,Vukatanë,768,25-Dec-2016
62742-4061,milavitsa,76-1930846,321-788-4119,8968 Crest Line Avenue,Berón de Astrada,772,18-Jan-2016
67457-431,milavitsa,79-2100242,851-108-2121,32651 Schlimgen Lane,Reshui,776,4-Apr-2015
52125-151,milavitsa,06-3143142,739-550-2645,91 Cherokee Terrace,Beloeil,780,26-May-2014
0574-0821,milavitsa,70-9813486,301-999-5330,23561 Amoth Parkway,Agbani,788,16-May-2017
0955-1046,milavitsa,53-9085234,381-460-3904,63419 Hansons Street,Knoxville,792,12-Mar-2014
10096-0316,milavitsa,85-7017352,470-429-0390,015 Helena Hill,Shijiazhuang,795,8-Aug-2017
64942-1345,milavitsa,14-8844639,497-586-3374,264 Grasskamp Park,Dingbao,796,26-Jun-2013
11822-4073,milavitsa,70-3484792,182-323-6387,663 Badeau Plaza,Xinyang,798,4-Mar-2014
55315-720,milavitsa,81-2901210,565-894-5277,2 Quincy Court,Sakon Nakhon,800,21-Jul-2015
54473-168,milavitsa,21-8285392,334-652-2212,96356 Sycamore Way,Vilela,804,22-Feb-2013
17478-404,milavitsa,46-5051867,309-450-5280,94138 Arapahoe Street,Ku?nia Raciborska,784,21-Dec-2014
0378-0145,milavitsa,94-0932381,501-181-8093,34 Moulton Crossing,Santa Teresa,826,14-Sep-2017
41520-173,milavitsa,87-0809490,352-380-5483,52 Everett Center,San Juan Bautista,834,25-Mar-2015
50436-3974,milavitsa,57-9901970,595-198-3175,98 Butterfield Road,Milagros,840,16-Mar-2014
52959-510,milavitsa,24-5843522,633-777-8254,2621 Lake View Terrace,Berdorf,850,20-Apr-2017
58876-106,milavitsa,79-3730885,621-222-9957,91 Carpenter Plaza,Batroûn,858,12-Feb-2015
21695-314,milavitsa,17-2659817,492-599-4958,2639 Cody Road,Llocllapampa,860,4-Dec-2014
66141-643,milavitsa,82-9479677,394-561-7018,2 Nova Circle,Los Angeles,548,25-Dec-2014
43063-445,milavitsa,25-9779078,567-234-9036,88 Becker Way,Tevriz,862,3-May-2015
49349-400,milavitsa,48-9209756,532-326-5643,2125 Clove Road,Lelydorp,704,29-Oct-2016
0228-2637,milavitsa,16-1127472,404-739-0342,6 Ilene Alley,Bopu,876,2-Oct-2015
67877-215,milavitsa,53-8208803,908-624-8060,72 Mallard Center,Daliuhang,732,9-Mar-2017
55154-8250,milavitsa,96-7996981,326-446-9425,854 Summerview Circle,Yantianhe,887,1-Aug-2017
67234-025,milavitsa,66-1616737,682-657-1769,8 Badeau Court,??????,894,19-Jan-2016
37000-306,milavitsa,14-4172294,565-595-7220,471 Hooker Plaza,Dois Vizinhos,716,1-Apr-2016
11527-163,milavitsa,92-8641135,608-115-4296,8965 7th Avenue,Nesebar,4,16-Sep-2014
51452-005,milavitsa,21-8266847,269-434-1276,6260 Dahle Place,Tange Zhen,248,6-Aug-2013
33992-4952,milavitsa,21-3053245,706-179-4081,37 Marquette Court,Przemy?l,8,2-Apr-2016
50580-545,milavitsa,58-8919252,330-439-6450,623 Prairieview Court,Changyuan,12,23-Jun-2013
43063-377,milavitsa,22-6550901,983-658-0497,86 Brown Road,Hajoho,16,29-Mar-2016
41250-516,milavitsa,47-1307274,394-842-3024,0365 Hudson Pass,Dammarie-les-Lys,20,11-Dec-2016
0115-1470,milavitsa,08-7562265,847-603-2846,83813 North Court,Dortmund,24,6-Nov-2014
47335-603,milavitsa,23-0918926,851-904-5691,442 Welch Junction,Baligród,660,21-Aug-2015
54483-0001,milavitsa,20-8521876,922-847-3471,1 Mandrake Drive,Namboongan,28,15-Dec-2014
0591-3703,milavitsa,85-0679515,865-212-5230,7 Debra Street,Pljevlja,32,2-Feb-2017
36800-091,milavitsa,38-4748478,302-981-1686,2420 Arkansas Junction,Bondoboghila,51,11-Jul-2013
64942-1320,milavitsa,58-6457929,697-374-7864,47295 Arapahoe Crossing,Wujing,533,29-Mar-2013
62382-0315,milavitsa,61-2767739,951-838-9909,67 Fairview Street,Osiek,36,17-Feb-2014
59115-126,milavitsa,66-6151446,217-270-0739,9661 Colorado Avenue,Shakhun’ya,40,18-Jun-2015
53329-207,milavitsa,17-1147162,294-812-7522,3 Shelley Parkway,Kra?nik,31,23-Oct-2017
33261-178,milavitsa,79-9489084,778-884-0005,4 Green Ridge Hill,Glafirovka,44,21-Aug-2016
18860-102,milavitsa,91-9603548,360-110-7057,88 Mifflin Circle,Saseel,48,28-Apr-2013
0185-0140,milavitsa,98-1519455,508-690-3731,07996 Bartillon Park,Xinpeicun,50,17-May-2016
0093-4160,milavitsa,63-3535449,786-403-9429,0547 Golden Leaf Hill,Sanying,52,15-May-2015
52536-510,milavitsa,53-3651239,605-993-7305,004 Russell Park,Shchelkovo,112,29-May-2013
0280-6070,milavitsa,51-2154877,702-318-8543,588 Dahle Hill,Qitan,56,23-Jan-2016
0378-6898,milavitsa,56-5827206,165-965-5743,290 Iowa Trail,Akriní,84,2-May-2015
58980-415,milavitsa,88-6453809,617-606-9032,1 Oakridge Avenue,Kafr Kann?,204,14-Sep-2017
0168-0140,milavitsa,24-8344319,495-918-0616,0 Shelley Court,Garanhuns,60,29-Jun-2014
0002-7516,milavitsa,56-1604422,529-425-2438,8398 Oak Valley Pass,Guanjiabao,64,7-Oct-2015
63629-3198,milavitsa,80-1759383,826-905-9776,084 Glacier Hill Court,Kibondo,68,26-Oct-2013
37808-003,milavitsa,05-5229448,814-222-4547,7754 Sunfield Circle,Jianchang,535,8-Dec-2013
67877-184,milavitsa,16-6592848,307-847-1694,49372 Melody Plaza,Tanshan,70,12-May-2015
60429-189,milavitsa,37-2675141,278-859-1428,77160 6th Lane,Daguyun,72,25-Aug-2014
0944-8503,milavitsa,07-6818072,970-985-8830,97 Barby Terrace,Lubao,76,12-Sep-2013
0268-6407,milavitsa,78-7463165,853-869-2856,6 Karstens Avenue,Ijuí,92,20-Oct-2014
21695-169,milavitsa,81-0588561,255-642-5273,8840 Reinke Way,Kasreman,96,23-Sep-2013
57883-402,milavitsa,35-0568623,437-182-0512,619 Comanche Trail,Jeong,100,5-Dec-2014
0185-0341,milavitsa,10-3502882,938-718-7651,32102 Farmco Place,Beiyang,854,19-Apr-2015
0777-3104,milavitsa,61-5140535,461-667-1866,44 Oriole Center,Bern,108,26-Mar-2016
64117-272,milavitsa,58-0124354,902-417-6852,3 Union Court,Villa Regina,116,14-Jun-2013
58668-4111,milavitsa,39-8387192,922-181-4801,51606 Warner Street,Nanyue,120,2-Aug-2013
16590-141,milavitsa,32-2066541,867-866-5765,78 Stuart Way,Noda,124,7-Mar-2013
65517-0026,milavitsa,65-8955916,395-749-1008,4866 Sauthoff Hill,Shiogama,132,11-Feb-2014
52686-278,milavitsa,37-8542100,206-135-3669,4261 Independence Trail,Plavsk,136,10-Apr-2015
52389-729,milavitsa,80-8641272,202-616-1123,14988 Pawling Lane,Changping,140,12-Dec-2013
66758-005,milavitsa,42-7241540,504-254-6626,13 Bashford Place,Zhongshan,148,13-Jun-2017
63354-163,milavitsa,53-4097368,690-604-3319,4946 Tennyson Avenue,Arrah,830,29-Jan-2013
54868-3867,milavitsa,01-4786100,367-422-2310,7 Lakewood Court,Madette,152,28-Sep-2013
16590-339,milavitsa,99-0545895,920-454-3796,4 Saint Paul Park,T?r?t,156,16-Apr-2015
42043-140,milavitsa,42-8359412,360-720-7389,658 Twin Pines Street,Nový Bor,344,25-Oct-2015
49349-527,milavitsa,55-0706576,987-561-3838,5 Corscot Hill,Saguday,446,13-May-2015
0574-0159,milavitsa,68-7417720,675-122-2383,0396 East Pass,Urachiche,170,5-Oct-2014
21695-850,milavitsa,74-8602506,427-832-8810,56 Rusk Street,Cieplice ?l?skie Zdrój,174,12-Sep-2013
59746-177,milavitsa,90-5211491,424-428-7242,1974 Florence Center,Kramsk,178,14-May-2014
63736-419,milavitsa,07-0017982,210-401-5421,91497 Sachs Pass,Guéret,184,20-Jun-2017
54622-697,milavitsa,11-7877377,791-586-9149,90845 Sugar Avenue,Huakoulongtan,188,19-Oct-2015
0054-0244,milavitsa,42-5113893,345-466-1522,5 Fairview Lane,Krajan Baru,384,25-Oct-2015
57520-0467,milavitsa,99-7383768,449-361-4356,28 Dahle Road,Akademija (Kaunas),191,11-Feb-2017
62382-0322,milavitsa,20-8998107,249-931-6123,80 Hanover Terrace,Santo André,192,13-Jul-2015
44911-0111,milavitsa,01-4962265,836-426-1803,3103 Anthes Junction,Upper Hell's Gate,531,13-May-2013
58118-4033,milavitsa,95-2844715,151-222-4768,0942 Ilene Drive,Kabongan Kidul,196,2-Jun-2017
68428-740,milavitsa,79-9811663,410-217-0948,30 Ohio Trail,Neiva,203,6-Mar-2014
68770-120,milavitsa,88-9160251,219-943-0835,14 Moose Terrace,Jenzan,408,14-Sep-2015
64725-0010,milavitsa,63-5121076,341-860-4480,8 Hintze Trail,Xindong,180,25-Nov-2014
68472-084,milavitsa,63-3912726,223-625-9454,5228 Mayfield Drive,Portobelo,208,22-Dec-2013
63550-191,milavitsa,17-7639332,425-288-3184,04800 Swallow Alley,?tsu-shi,262,27-Sep-2017
61543-7786,milavitsa,28-2432926,510-928-8789,75 Colorado Alley,Krajan,212,26-Oct-2016
41167-1002,milavitsa,68-2146205,218-973-2278,44 Stoughton Terrace,Asker,214,15-Nov-2016
43857-0161,milavitsa,95-2339417,507-866-4990,514 Onsgard Road,Batukuta,218,6-Jan-2013
52584-402,milavitsa,50-1453856,931-379-1823,14 Eagan Drive,Xiachengzi,818,29-Oct-2013
58468-0100,milavitsa,29-0427533,796-506-8537,234 Myrtle Point,Aelande,222,9-Sep-2016
61314-665,milavitsa,75-0150209,942-144-5854,9651 Evergreen Avenue,Xiaohebian,226,21-Mar-2016
42719-346,milavitsa,74-5070247,293-841-4172,27796 Lunder Place,Shediac,232,25-Sep-2013
21220-127,milavitsa,20-0811951,239-507-3389,7 Orin Hill,Wolomarang,233,21-May-2017
0615-7520,milavitsa,39-0131916,890-150-1602,1 Eggendart Parkway,Nueva Helvecia,231,24-Feb-2017
68994-3001,milavitsa,11-0191778,126-621-9040,837 Surrey Park,Silao,234,5-Feb-2014
0781-1635,milavitsa,78-9099747,641-251-2993,6781 Almo Lane,Sayapullo,238,15-Sep-2014
49288-0440,milavitsa,54-1383533,884-944-5692,025 Forest Dale Circle,Chishmy,422,18-Feb-2013
41163-502,milavitsa,32-0410006,409-541-2611,143 Ridgeway Crossing,Kurba,426,25-Sep-2015
49738-530,milavitsa,78-4317615,463-151-8488,18 Northview Trail,Freixo de Numão,430,27-Jan-2016
49349-937,milavitsa,19-1408994,131-437-7582,89775 Mayfield Crossing,Kafr ad Daww?r,434,8-Mar-2017
27241-003,milavitsa,93-3656673,724-409-2516,56 Raven Way,Oklahoma City,438,5-Nov-2017
0363-1108,milavitsa,21-0229276,486-588-1959,5398 Cascade Terrace,Tra?ng Bom,440,14-Aug-2016
53746-542,milavitsa,48-4682042,544-120-3334,416 Longview Crossing,Hong’an Chengguanzhen,442,28-Feb-2015
68382-066,milavitsa,24-5988970,955-691-0240,07220 Main Avenue,Des Moines,450,10-Apr-2017
64725-0138,milavitsa,56-6661860,434-548-1520,191 Hauk Plaza,Sinarjaya,454,20-Jan-2015
54897-601,milavitsa,39-0530645,881-554-7838,6 Jenna Trail,Lahoysk,458,24-Dec-2014
51346-035,milavitsa,50-9551914,224-588-5479,3341 Gerald Hill,Ly? S?n,462,17-Dec-2014
21695-864,milavitsa,74-8795230,589-374-8368,739 Village Green Crossing,M?cholupy,466,13-Apr-2014
54973-3164,milavitsa,02-2887359,158-388-9177,84177 Fremont Circle,Kostyantynivka,470,30-May-2017
63323-117,milavitsa,29-2902217,951-842-2861,67 Glacier Hill Terrace,Baiyangwan,584,16-Jul-2016
0069-0093,milavitsa,74-0315555,539-358-4246,4 Montana Place,Citampian,474,15-Sep-2015
61787-451,milavitsa,30-4338682,977-783-3912,32085 Spohn Point,Belajen,478,23-May-2016
75940-127,milavitsa,23-6801300,327-388-1189,0 Ludington Way,Jatisari,480,25-Sep-2017
50845-0121,milavitsa,00-5707569,379-456-3837,5 La Follette Center,Putang,175,18-Nov-2013
10191-1445,milavitsa,25-3148910,225-553-5898,0404 Dunning Center,Dzerzhinsk,484,15-Apr-2017
0603-4080,milavitsa,17-2950563,399-827-9965,67 Center Center,Pyhäntä,583,22-Apr-2016
49967-105,milavitsa,17-5949490,349-698-1941,685 Division Park,Tangjiakou,492,2-Aug-2014
16590-301,milavitsa,04-8297447,850-186-2514,5766 7th Trail,Bershet’,496,10-Nov-2013
41163-368,milavitsa,65-5713248,660-671-8732,67 Blue Bill Park Place,Beringinjaya,499,31-Jan-2013
60778-020,milavitsa,22-0903945,685-589-8056,08134 Bluestem Road,Shabel’skoye,500,10-Apr-2015
58118-0303,milavitsa,68-0015303,330-489-9178,8 Meadow Ridge Alley,Richmond,504,16-Nov-2016
42192-708,milavitsa,22-7433191,153-534-7402,76 Mifflin Parkway,Ningde,508,30-Jul-2014
24658-214,milavitsa,55-9315472,177-952-6650,41 Delaware Avenue,Tuchów,104,21-Apr-2015
65044-1213,milavitsa,99-1807080,140-743-3212,54 Fremont Junction,Labuan,516,24-Feb-2015
21130-765,milavitsa,89-5779062,206-276-3784,51612 Hauk Place,Sura?,520,22-May-2014
49349-816,milavitsa,20-4962890,962-645-5507,5 Jay Trail,Chumikan,524,26-Dec-2015
75874-820,milavitsa,38-1214793,461-914-9194,6654 Karstens Park,Tab?lah,528,8-Oct-2015
57896-785,milavitsa,50-5888553,820-827-8325,9516 Karstens Pass,Ambunti,540,9-Feb-2016
54575-444,milavitsa,36-0851371,759-789-7107,1 Farwell Street,Arazane,554,7-Jul-2017
36800-147,milavitsa,70-6896993,319-946-2836,30 Forest Run Drive,Olivia,558,19-Jul-2016
44119-003,milavitsa,07-2551595,931-498-9348,9832 Thompson Park,Zhonghouhe,562,29-Jun-2015
50991-730,milavitsa,84-6898446,529-958-9113,7889 Esch Drive,Chervone,566,3-Dec-2013
0378-2822,milavitsa,42-5613755,415-133-3176,37884 Monica Plaza,Sérvia,570,17-Mar-2016
16714-292,milavitsa,84-4767456,938-988-1655,768 Dawn Pass,Bengras,574,10-Jun-2017
63481-025,milavitsa,52-4483755,737-799-6048,6945 Hoepker Avenue,Det Udom,580,31-Oct-2015
99207-270,milavitsa,07-6105009,990-948-9628,30 Paget Alley,Mondorf-les-Bains,578,25-Jun-2016
0078-0604,milavitsa,58-1632337,333-874-0876,9 Merrick Court,Wanliang,275,11-Jan-2014
44738-6001,milavitsa,24-5140780,161-290-8522,77218 Green Parkway,Hengqiao,512,5-Oct-2015
47469-120,milavitsa,26-1216454,246-699-1100,246 Westend Road,Xiliu,586,2-Dec-2016
52125-334,milavitsa,62-5403555,410-992-3052,4278 Knutson Point,Olszówka,585,5-Apr-2017
54622-688,milavitsa,60-4365544,352-934-0780,60 Hudson Park,Cambebba,591,28-Oct-2016
55154-5876,milavitsa,46-7744098,277-708-7805,263 Corben Parkway,Oeleu,598,26-Jul-2017
41163-798,milavitsa,02-0675150,529-614-4107,3868 Stang Road,Konstantynów,600,2-Jul-2015
10424-162,milavitsa,40-3306193,829-104-9903,8829 Corscot Pass,Nida,604,29-Aug-2016
55891-001,milavitsa,66-6867035,661-581-1132,6 Forest Run Place,Sarrat,608,4-Oct-2013
68703-137,milavitsa,55-2550114,774-543-0733,32033 Northland Drive,B?c K?n,612,4-May-2016
50474-002,milavitsa,72-5546863,719-440-5881,14 Debra Park,Bang Bua Thong,616,3-May-2016
16571-502,milavitsa,91-0904054,704-659-7128,5072 Steensland Trail,Puttalam,620,10-Dec-2013
49035-904,milavitsa,32-9721230,640-248-9888,46235 Melrose Point,Pataha,630,9-Apr-2017
42912-0152,milavitsa,06-7354407,573-426-6411,71 Di Loreto Terrace,Mbandaka,634,11-Dec-2016
49304-0006,milavitsa,04-5460952,318-777-5199,93532 Fairfield Point,Ochojno,410,1-Dec-2015
55566-0302,milavitsa,42-3740239,306-423-9277,5961 Green Ridge Trail,Xichang,498,31-Aug-2016
0115-9511,milavitsa,09-0965095,745-414-4527,12 Bashford Center,Illéla,638,13-Jan-2014
36987-1862,milavitsa,34-0872715,438-994-4508,35 Maple Plaza,Calape,642,2-Apr-2016
11716-1168,milavitsa,96-7034923,592-932-2402,88854 Atwood Trail,Geita,643,1-Jan-2013
0615-5583,milavitsa,13-1358567,438-422-1266,236 Gulseth Court,Morfovoúni,646,14-Mar-2017
37012-026,milavitsa,52-9476805,606-474-9336,32629 Scott Street,Shahre Jadide Andisheh,652,14-Apr-2016
42627-261,milavitsa,87-2826354,859-467-2926,6808 Carey Park,Moundou,654,1-Jul-2017
63104-004,milavitsa,64-9666689,391-257-8795,381 Summit Street,Radenka,659,16-Apr-2015
57691-117,milavitsa,61-5318598,224-650-4356,73620 Fieldstone Point,Boulaide,662,18-May-2014
36987-2079,milavitsa,82-6873896,631-812-2861,0 Welch Park,Nong Phai,663,7-Sep-2013
37205-333,milavitsa,65-3191567,623-101-6889,31599 Northport Drive,Orly,666,28-Mar-2014
0268-6401,milavitsa,01-2222401,951-259-9788,4732 Lunder Circle,Yalukou,670,20-Aug-2014
64536-2222,milavitsa,62-3359825,812-369-8752,1151 Schlimgen Alley,Qingxi,882,16-Jun-2014
42851-032,milavitsa,87-1926600,889-675-3778,0 Loomis Place,Krajan Pocangan,674,10-Jan-2013
64009-332,milavitsa,76-0883319,307-405-7992,771 Autumn Leaf Pass,Lazaro Cardenas,678,22-Jul-2015
0781-5208,milavitsa,35-1808928,196-688-2270,378 Meadow Ridge Street,Hluhluwe,680,2-Oct-2016
75997-025,milavitsa,72-1366799,145-771-8285,7 Cordelia Junction,Örebro,682,7-Aug-2013
17478-622,milavitsa,73-4896086,831-303-3356,50 Blaine Terrace,Rawawilis,686,26-Nov-2014
60608-011,milavitsa,41-3684632,222-256-4328,0 Helena Point,Longde Chengguanzhen,688,9-Oct-2015
46122-014,milavitsa,45-3862347,209-849-2230,55505 Kensington Alley,Xamba,690,12-Jul-2016
62011-0244,milavitsa,80-4638075,391-835-1657,3037 Rieder Pass,Butembo,694,9-Oct-2013
49999-153,milavitsa,43-4359139,337-179-9399,030 Westridge Parkway,Zalaegerszeg,702,3-Aug-2015
11523-7366,milavitsa,77-2600301,499-878-3610,5 Fuller Hill,Buyant,534,21-Dec-2013
66116-478,milavitsa,13-8977201,564-289-3079,15157 Ridgeview Avenue,Marcos Juárez,703,25-Mar-2017
60512-6497,milavitsa,25-7375122,548-765-3966,3836 Eliot Street,Kananya,705,24-Aug-2016
68084-097,milavitsa,44-7474783,826-474-4067,89 Acker Center,Shishan,90,4-Nov-2015
36987-1686,milavitsa,18-9934641,478-744-4342,2 Transport Alley,Cachoeiro de Itapemirim,706,19-Jun-2015
16714-386,milavitsa,71-3352897,181-651-2696,10 Golf Avenue,Odawara,710,17-Nov-2017
58232-0006,milavitsa,90-3284819,605-832-4371,56 Forster Alley,??czyce,728,23-Nov-2015
51079-728,milavitsa,72-3541277,420-352-4882,5363 Heffernan Crossing,São Domingos de Rana,724,1-Feb-2013
50522-221,milavitsa,12-3158314,515-492-5947,1 Comanche Alley,Kilkís,144,13-Dec-2014
55312-402,milavitsa,25-4047154,538-197-8348,7478 Warbler Court,Pyt-Yakh,729,22-May-2013
51442-546,milavitsa,65-9775991,405-428-5776,66218 Bartillon Plaza,Västerhaninge,740,11-Aug-2017
65044-1873,milavitsa,83-3076915,627-872-9682,5707 Stoughton Center,Idenao,744,29-Sep-2014
49288-0941,milavitsa,31-4949986,749-854-3074,662 Grasskamp Trail,Lughaye,748,2-Apr-2016
49349-694,milavitsa,57-6090071,777-875-7762,62 Kedzie Alley,Raymond,752,21-May-2015
45802-054,milavitsa,98-7669607,437-494-7580,60170 Dottie Alley,Paris 15,756,1-Jun-2015
0093-7169,milavitsa,03-2994346,639-361-7484,50153 Cambridge Pass,Gakem,760,9-Jun-2015
0440-7674,milavitsa,16-1452618,954-912-3240,6086 Parkside Trail,Shilin,762,17-Dec-2013
43063-059,milavitsa,92-4513291,394-192-3419,47265 Scoville Drive,Tartaro,764,21-Oct-2013
51079-539,milavitsa,26-1122468,682-510-0324,1804 Cascade Place,Jelcz,807,16-Mar-2014
24385-903,milavitsa,77-2748697,347-357-8121,87 Hauk Hill,Socabaya,626,19-Dec-2014
54868-2898,milavitsa,45-3660214,287-386-5103,951 Lerdahl Street,Zhuyang,768,3-Dec-2016
58443-0021,milavitsa,09-5257253,398-918-3333,88743 Wayridge Hill,Qianjia,772,29-Nov-2013
11822-2108,milavitsa,56-6506417,593-200-4125,31461 Prentice Lane,Miaotang,776,23-May-2016
68135-100,milavitsa,37-2790139,357-608-6264,58315 Superior Hill,Xiaochengzi,780,26-Dec-2016
49852-161,milavitsa,32-0270162,309-704-7268,23 Dwight Hill,Eindhoven,788,16-Mar-2017
43353-061,milavitsa,25-3083400,343-976-8722,5331 Tennyson Crossing,Las Palmas,792,13-Feb-2016
99207-170,milavitsa,64-2056384,921-469-2699,74171 Evergreen Point,Candelária,795,3-Sep-2016
33261-847,milavitsa,41-0570665,775-376-6815,6550 Nobel Crossing,Pereira,796,3-Feb-2013
33992-1063,milavitsa,82-4797553,102-350-8957,98040 Stone Corner Street,Requena,798,6-Jul-2016
49349-866,milavitsa,75-9287587,239-567-0747,5 Derek Junction,Zhujiang,800,14-Dec-2013
0268-1081,milavitsa,22-9131503,462-676-5215,289 Shasta Place,Ko?uchów,804,17-Apr-2016
35356-827,milavitsa,24-9330623,420-858-6905,3 Blaine Drive,Estância Velha,784,14-Nov-2016
37012-255,milavitsa,61-2933294,643-620-3520,8844 Sutteridge Crossing,Salas,826,17-Mar-2017
0270-1411,milavitsa,29-3414052,437-247-8171,2939 Manufacturers Way,Medellín,834,16-Jun-2015
76237-262,milavitsa,97-5747500,306-828-8813,05 Lawn Street,Plandirejo,840,8-Dec-2015
51079-161,milavitsa,35-4955596,693-834-6954,7 Tennyson Center,Bang Phae,850,2-Mar-2015
10356-840,milavitsa,07-3549883,580-221-9595,271 Hansons Parkway,Kradinan,858,6-Sep-2014
16714-621,milavitsa,44-9801597,815-741-5374,7 Stephen Pass,Qiewa,860,6-Jun-2016
52584-041,milavitsa,74-8144970,880-646-3009,37827 Tomscot Crossing,Abbotsford,548,7-Sep-2013
60429-359,milavitsa,92-5770988,826-660-4633,70 Grover Alley,Kítsi,862,10-Aug-2015
0615-6595,milavitsa,76-9849648,523-382-0620,89 Meadow Ridge Pass,Entre Rios,704,25-May-2017
52125-866,milavitsa,00-7111830,894-646-0368,82 Memorial Lane,Filothéi,876,16-May-2017
55154-9415,milavitsa,27-8552000,731-414-4829,6346 Pine View Junction,Horki,732,20-Aug-2014
54868-1531,milavitsa,72-8883982,724-666-8418,4 Warbler Lane,Jiangcheng,887,17-Mar-2017
0527-1352,milavitsa,28-8349311,898-292-6251,15 Porter Drive,Kayan,894,13-May-2016
24724-028,milavitsa,98-9598832,334-824-7431,463 Buhler Road,Faro,716,19-Sep-2017
66977-107,milavitsa,91-9841413,283-904-0991,0 Everett Lane,Köln,703,18-Oct-2013
61314-395,milavitsa,76-4362390,928-216-8628,96306 Garrison Circle,Bendan,705,27-Feb-2015
51514-0205,milavitsa,89-2591741,345-505-8464,6309 Farragut Pass,Urengoy,90,24-Feb-2015
34908-620,milavitsa,24-3188874,403-349-5067,6368 Blackbird Alley,Nguru,706,18-Mar-2013
31190-300,milavitsa,27-5809044,483-737-9158,28622 Algoma Parkway,Shiling,710,3-Jan-2013
50436-4623,milavitsa,83-1787032,340-917-1101,4920 Longview Junction,Qiryat Yam,728,14-Dec-2013
47682-008,milavitsa,35-0113893,708-343-2987,8 Dovetail Pass,Thành Ph? Nam ??nh,724,5-Jun-2014
67938-1407,milavitsa,86-9108251,616-923-3127,578 Fairfield Crossing,Kinkala,144,31-Dec-2016
16590-653,milavitsa,31-4539667,309-564-8364,5 Straubel Point,Putrajaya,729,12-Feb-2016
41250-424,milavitsa,04-9515279,348-691-8843,66 Twin Pines Trail,Sirre,740,23-Jul-2015
57687-291,milavitsa,51-7893032,155-252-7646,54 Dahle Hill,Niort,744,22-Apr-2015
10685-511,milavitsa,60-4118258,342-625-9585,0 Park Meadow Place,Porsgrunn,748,27-Oct-2015
67510-0670,milavitsa,93-8895177,849-658-3335,9386 Florence Parkway,Faranah,752,20-Sep-2015
55316-145,milavitsa,18-0356672,137-710-3379,043 Roxbury Park,Porsgrunn,756,21-May-2015
68001-113,milavitsa,32-6497762,692-235-2750,9 Warrior Park,Kajan,760,6-Mar-2016
68693-012,milavitsa,33-3098130,352-594-4065,398 Waywood Court,Gejiu,762,3-Jan-2014
42411-022,milavitsa,34-8530305,932-700-8802,7192 Sycamore Parkway,Dadeldhur?,764,26-Jun-2015
42291-168,milavitsa,22-5634376,680-275-8184,40002 Kings Circle,Timbuktu,807,10-Sep-2013
46994-235,milavitsa,14-1956632,329-114-6941,503 Forster Trail,Stalís,626,10-Sep-2014
49738-809,milavitsa,17-4057415,992-604-2164,66 Moose Park,Nanqiao,768,29-Jan-2017
48951-7053,milavitsa,43-1605983,173-284-4735,5 American Ash Center,Dalu,772,17-Jul-2017
48951-8021,milavitsa,36-1775556,189-644-2436,53 Calypso Avenue,Brengkok,776,24-Mar-2017
0517-0372,milavitsa,99-8966523,984-792-9941,49 Banding Place,Ash Shajarah,780,15-Sep-2016
60637-012,milavitsa,23-4065180,167-987-0978,384 Maywood Circle,Jolo,788,14-Oct-2014
37205-733,milavitsa,64-1471229,808-806-2972,67538 Grover Avenue,Zdovbytsya,792,31-Oct-2015
65044-1548,milavitsa,15-4031697,889-827-4119,9953 Jackson Avenue,Kaiyuan,795,12-Nov-2013
0591-2464,milavitsa,16-9933120,678-943-5598,48 Ridge Oak Trail,Johor Bahru,796,22-Sep-2016
36987-1598,milavitsa,26-6212670,177-658-0293,1707 Barnett Center,Grande Rivière Noire,798,31-Jan-2017
68462-140,milavitsa,55-3263964,582-216-8866,70762 Oxford Street,Dorupare,800,20-Jan-2017
0378-3075,milavitsa,43-3926419,862-784-3685,39481 Jay Lane,Klobuky,804,1-Aug-2014
62175-205,milavitsa,69-2813479,294-356-8652,046 Cody Point,Eirunepé,784,3-Jul-2014
0228-3003,milavitsa,70-8733794,611-154-2287,79666 Dayton Terrace,Vårgårda,826,28-Oct-2013
57520-0404,milavitsa,05-8968552,145-319-3988,02727 Miller Crossing,Mundri,834,5-Feb-2016
10237-805,milavitsa,13-9575088,156-226-3786,488 Fremont Parkway,Cikembang,840,15-May-2013
36987-1839,milavitsa,17-6585312,228-511-1552,0 Cherokee Trail,Sísion,850,22-Aug-2014
61314-645,milavitsa,72-7911594,333-346-5983,96819 Wayridge Parkway,Kuanping,858,25-Feb-2017
68180-182,milavitsa,40-6109133,913-872-0431,5 Village Plaza,Hengshan,860,4-Apr-2017
68645-461,milavitsa,01-0592643,878-953-6212,467 Armistice Terrace,Ishqoshim,548,17-Aug-2017
55648-904,milavitsa,04-3973525,975-687-3162,907 La Follette Street,Santo Amador,862,21-Mar-2016
65862-697,milavitsa,62-0939580,660-533-2314,8 Waywood Street,Dongshan,704,21-Feb-2016
0555-0874,milavitsa,52-0847062,941-809-6098,00 Dryden Avenue,Kotel,876,8-Oct-2017
64024-175,milavitsa,47-1053486,836-182-0625,7530 Hanson Trail,Laiguangying,732,3-Nov-2014
0067-5126,milavitsa,33-5951274,680-971-3609,7 Macpherson Lane,Hongguang,887,26-Jul-2017
68084-074,milavitsa,73-3522248,435-511-3456,06733 Granby Way,Abuxarda,894,25-Jan-2013
53808-0747,milavitsa,24-5394769,868-526-8349,663 Scofield Place,Washington,716,1-May-2014
11822-0157,milavitsa,37-4472767,111-988-7557,1100 Florence Way,Cofimvaba,4,15-Jan-2016
42291-336,milavitsa,73-6218344,915-876-5297,1 Graceland Plaza,La Mesa,248,19-Nov-2013
0469-0125,milavitsa,18-4059438,213-438-0022,965 Steensland Plaza,Peranap,8,24-Oct-2014
41520-396,milavitsa,85-0436519,639-831-3804,53 Ryan Court,Vila Franca do Campo,12,7-Apr-2014
65044-2014,milavitsa,38-9156882,681-490-4765,44522 Eagan Avenue,Medenine,16,4-Aug-2016
0378-6281,milavitsa,09-6842024,212-862-2523,585 Tomscot Crossing,Verkhnyaya Belka,20,25-Sep-2014
53808-0658,milavitsa,41-2007821,544-713-5813,1 Emmet Trail,Hualingang,24,17-May-2016
51346-142,milavitsa,30-9848386,479-373-9982,3 Petterle Crossing,Las Vegas,660,27-Oct-2016
43269-734,milavitsa,59-3451460,898-293-1048,8153 Karstens Place,Palencia,28,9-Aug-2013
59779-109,milavitsa,19-0149956,539-470-9184,84 Fairview Parkway,Saltsjö-Boo,32,25-Feb-2015
0407-1414,milavitsa,37-0141687,966-429-5455,3184 Sommers Park,Rios Frios,51,25-Aug-2014
50114-6129,milavitsa,19-1584670,555-717-1759,55866 Forest Dale Lane,Lancheng,533,10-Aug-2015
58789-500,milavitsa,30-3735166,365-719-5928,5411 Ilene Point,Iwaki,36,8-Apr-2016
68400-205,milavitsa,78-5253657,617-669-4749,875 Nelson Place,Ichupampa,40,28-Feb-2013
13551-210,milavitsa,95-7724191,688-392-4054,7 Fairview Park,Kombapari,31,2-Nov-2014
54569-5182,milavitsa,01-2359103,568-252-6559,7298 Harbort Point,Shancheng,44,26-May-2013
0363-7215,milavitsa,39-6358559,654-108-2026,46119 Fulton Terrace,Shalazhi,48,30-Mar-2016
63739-046,milavitsa,15-4310746,533-252-9608,056 Moland Center,Szyd?owo,50,10-Oct-2014
55714-4419,milavitsa,45-6580998,479-157-7525,0824 Shasta Trail,Martensville,52,19-Dec-2015
31722-545,milavitsa,68-7268977,145-623-6361,15000 Heffernan Junction,Zaymishche,112,9-Jan-2016
68084-041,milavitsa,82-3103718,806-484-9959,68 Boyd Crossing,Dessalines,56,11-May-2014
61727-306,milavitsa,98-1215499,454-701-3320,14891 Talmadge Drive,Lëbushë,84,6-Oct-2014
58177-681,milavitsa,65-3396797,300-523-1974,00 Fairview Plaza,Gaotieling,204,6-Aug-2017
28107-003,milavitsa,50-9004272,777-298-2153,37721 Holmberg Avenue,Gutian,60,12-Sep-2016
65862-325,milavitsa,76-0924182,469-436-9485,85485 Melody Way,Höshööt,64,24-Jul-2015
42627-209,milavitsa,23-4219202,696-361-4201,0726 Ryan Plaza,Krasnyy Profintern,68,14-Jan-2017
43459-0152,milavitsa,30-2413739,605-596-0962,98 Harper Alley,Xiangba,535,17-Aug-2017
0074-4380,milavitsa,51-7019185,125-353-3463,955 Holy Cross Street,Borek,70,26-Mar-2017
62742-4061,milavitsa,27-1067463,727-300-1232,6 Susan Place,Nanggewer,72,23-May-2016
68151-3083,milavitsa,92-8864387,413-130-3083,0734 Valley Edge Crossing,Chiquimulilla,76,28-May-2016
51141-0657,milavitsa,79-0600214,455-387-7830,086 Valley Edge Center,Graneros,92,15-May-2014
41167-0242,milavitsa,17-8739212,114-136-6068,7763 Basil Parkway,Pulo,96,18-Apr-2013
13537-263,milavitsa,27-2818592,913-614-1526,16 Heath Plaza,Saint Petersburg,100,8-Nov-2017
0409-0996,milavitsa,76-4212066,265-610-0240,5 Crescent Oaks Alley,Nanlü,854,27-May-2017
59050-254,milavitsa,44-2106653,454-237-9378,67 Farragut Plaza,Melaka,108,31-Mar-2014
60760-007,milavitsa,37-9417987,402-204-0553,879 5th Lane,Zelenoborskiy,116,22-Apr-2014
42291-130,milavitsa,63-2364309,784-150-5419,07 Village Green Junction,Dasanlian Lauk,120,17-Jun-2016
65862-072,milavitsa,68-7821892,989-809-9149,49 Sachs Terrace,Tigre,124,26-Feb-2017
10631-103,milavitsa,28-5887886,200-819-7792,9824 Maywood Park,Bragança,132,25-Jun-2015
10056-484,milavitsa,03-5980114,486-724-8787,598 Gulseth Road,Wangkung,136,15-May-2016
0378-0574,milavitsa,43-1980874,720-455-6512,2542 Lawn Plaza,Qinjia,140,15-Sep-2014
49825-724,milavitsa,44-6155827,449-457-5173,051 Sauthoff Trail,Khao Kho,148,6-Dec-2014
0409-2307,milavitsa,55-0707739,113-137-2364,7100 Spenser Circle,Wasior,830,14-Sep-2013
0409-7712,milavitsa,80-3846039,789-992-9927,21 Forest Avenue,Bourges,152,15-Sep-2014
0378-5021,milavitsa,03-8056260,689-106-5038,824 Westerfield Circle,Ringinrejo,156,18-Jul-2014
63629-1789,milavitsa,92-5680634,655-740-6160,954 Southridge Avenue,La Quebrada,344,29-Oct-2017
36987-1964,milavitsa,89-9346121,888-923-3603,788 Stephen Point,Nong Kung Si,446,14-May-2013
60951-735,milavitsa,94-1742514,424-255-2088,8 Twin Pines Hill,Hetan,170,10-Aug-2013
64117-295,milavitsa,92-9854304,406-834-5323,4931 Leroy Avenue,Altagracia de Orituco,174,10-Mar-2016
76384-004,milavitsa,46-7172166,843-710-1059,3 Farwell Hill,Täby,178,4-Sep-2017
53329-015,milavitsa,19-8240575,912-474-0507,19 Mifflin Parkway,Bègles,184,5-Apr-2017
37000-067,milavitsa,05-9173117,432-963-8154,88 Meadow Vale Trail,Kimry,188,15-Jun-2016
41520-234,milavitsa,01-5731240,501-239-6109,1 Clemons Park,Smyshlyayevka,384,25-Jun-2014
56062-272,milavitsa,74-2965058,363-318-3773,3624 Maryland Pass,Maple Ridge,191,1-Jan-2014
0409-7937,milavitsa,94-8672624,856-357-5100,20828 Fair Oaks Trail,El Congo,192,1-Dec-2016
16590-086,milavitsa,87-7137458,440-420-2766,206 Sunnyside Drive,Rancabungur,531,24-May-2014
48951-8172,milavitsa,39-3929543,163-213-2740,48 Canary Street,Krajan Langenharjo,196,1-Aug-2014
14783-310,milavitsa,47-3462111,372-117-6451,358 Linden Circle,Pu?sk,203,16-Sep-2017
49349-241,milavitsa,58-7041979,366-464-6056,39 Raven Lane,Macedo de Cavaleiros,408,1-Nov-2015
59115-068,milavitsa,76-2066825,434-968-8167,53755 Amoth Center,Bailu,180,23-Oct-2014
0363-0133,milavitsa,07-6896544,706-461-0413,555 Mcguire Way,‘Ayn al ‘Arab,208,14-Aug-2016
10210-0004,milavitsa,55-6230195,457-326-8730,1 Johnson Pass,Jämsänkoski,262,13-Apr-2017
0168-0353,milavitsa,85-0399409,665-352-9641,53 Erie Hill,Tanlad,212,29-Sep-2016
55154-2075,milavitsa,31-1168445,142-942-5515,02027 Shoshone Way,Bairro dos Marinheiros,214,8-Feb-2017
55154-5478,milavitsa,05-9515465,541-284-1357,40232 Cottonwood Avenue,Sauri,218,18-Sep-2013
63629-2954,milavitsa,80-2049053,968-344-9665,023 Mccormick Plaza,Songculan,818,7-Nov-2016
11509-0372,milavitsa,44-7927258,432-463-8479,57 Colorado Circle,Armenia,222,11-Nov-2016
65044-3389,milavitsa,92-5019155,140-918-3639,34608 Charing Cross Pass,Camilaca,226,27-Dec-2015
35356-930,milavitsa,09-2002237,438-454-2743,249 Northridge Alley,Bang Pakong,232,20-Jan-2015
52125-628,milavitsa,38-8293891,449-234-2453,00829 Anhalt Point,Söderköping,233,4-Jan-2014
42002-416,milavitsa,88-5002252,183-891-4235,7108 Namekagon Center,Caen,231,1-Aug-2016
0078-0602,milavitsa,22-3805742,290-532-7637,1 Namekagon Avenue,Karangpeton,234,23-Mar-2017
58411-174,milavitsa,96-7671237,932-157-5631,880 American Ash Circle,Salto,238,6-Apr-2016
0406-9959,milavitsa,39-3894122,951-915-8853,7031 Little Fleur Alley,Labuhantanggabesar,242,26-Jul-2014
52305-400,milavitsa,90-7178225,329-991-5520,52563 Clove Point,Kragujevac,246,4-Jan-2016
60681-0105,milavitsa,17-1246475,459-651-7907,2587 Coolidge Way,Strathmore,250,11-Dec-2015
49288-0061,milavitsa,07-8999265,473-125-4789,25928 Myrtle Way,Reading,254,4-Jun-2014
0185-0199,milavitsa,91-5960886,148-523-1344,6 Bonner Avenue,Rionegro,258,29-Dec-2014
49643-415,milavitsa,25-1977922,516-475-3188,14883 Texas Street,Kanekomachi,266,29-Nov-2014
37205-614,milavitsa,65-5404572,320-602-1100,05390 Rigney Street,Baniachang,270,19-Dec-2014
54473-134,milavitsa,12-3138915,132-735-8802,56894 Northview Place,Ko?le,268,17-Apr-2015
33992-0107,milavitsa,79-7048183,443-176-3983,40 Grasskamp Way,Paola,276,6-Jan-2014
65044-2863,milavitsa,37-5750814,620-226-7066,73141 Toban Way,Luxi,288,15-Apr-2014
68016-203,milavitsa,96-2787574,274-195-7144,392 Rockefeller Road,Andoany,292,17-Jan-2017
54868-5930,milavitsa,29-3508840,409-352-8866,2 Moland Hill,Sumberbening,300,21-Sep-2016
58194-015,milavitsa,88-6522845,590-720-7592,91 Mccormick Center,Krasnohrad,304,18-Feb-2013
46122-040,milavitsa,50-5062023,425-104-2466,5814 Forest Court,Yunyan,308,22-Jan-2013
65044-3126,milavitsa,41-7014006,315-141-1964,21721 Westridge Alley,Orahovac,312,23-Feb-2014
0187-5465,milavitsa,25-8706551,935-772-9691,8565 Ronald Regan Place,Kutum,316,17-May-2017
52959-435,milavitsa,82-0506093,889-284-0328,445 Montana Junction,Longfeng,320,2-Apr-2015
65044-2861,milavitsa,97-4038436,787-723-6778,474 West Place,Pringgabaya,831,10-Sep-2013
52544-966,milavitsa,17-8508552,328-891-3404,46 Surrey Circle,Sarankhola,324,24-Feb-2013
55670-711,milavitsa,45-8998965,857-148-1727,8 Fallview Avenue,Soljani,624,21-Mar-2015
0009-7529,milavitsa,48-4669414,329-880-0531,9294 Carioca Hill,Castellon De La Plana/Castello De La Pla,328,23-Oct-2017
0573-2840,milavitsa,55-6604228,943-161-9030,11415 Bowman Drive,Long’anqiao,332,1-Jul-2017
21695-353,milavitsa,55-3717694,488-386-3618,51107 Moulton Circle,Ciguna,336,19-Jun-2016
68180-112,milavitsa,45-9845410,521-930-2450,9071 Dahle Lane,Dalian,340,16-Jun-2014
61589-1826,milavitsa,61-6636519,114-640-9065,8777 Hagan Center,Pulilan,348,12-May-2016
58479-001,milavitsa,68-5973493,506-228-7643,68919 Katie Lane,Yicheng,352,18-Jan-2016
42291-643,milavitsa,87-3402783,643-904-7124,96 Maple Terrace,Lapuyan,356,9-Jan-2014
51862-180,milavitsa,61-7796137,947-959-0207,16 Ridge Oak Point,Jiuheyuan,360,23-May-2016
52533-006,milavitsa,03-8516194,717-844-3061,1742 Coleman Crossing,Parachinar,364,7-Nov-2013
67046-205,milavitsa,85-5834991,343-821-1068,0 Monica Hill,Sar?qib,368,24-Aug-2016
76439-134,milavitsa,24-2042902,861-801-1621,9726 Heath Way,Najin,372,1-Sep-2015
55154-6994,milavitsa,04-6982696,975-104-6126,3 Porter Parkway,Qiling,833,16-Aug-2017
0185-0757,milavitsa,68-8489554,554-903-9932,7 Esch Alley,Farsta,376,13-Jun-2017
10812-528,milavitsa,04-6894623,108-436-0326,3475 Longview Drive,Sidi Lamine,380,29-Sep-2014
53489-329,milavitsa,51-8980526,444-336-9029,6193 Acker Hill,Jiantian,388,3-Feb-2015
98132-725,milavitsa,51-2898292,507-263-5010,411 Longview Lane,Henglian,392,30-Jul-2015
12258-223,milavitsa,20-6321155,385-220-4179,6 Sherman Pass,Camrose,832,29-Jun-2016
45802-021,milavitsa,81-8588922,976-347-5609,220 Annamark Junction,Shanglian,400,30-Aug-2016
52685-311,milavitsa,86-7919479,549-114-4633,91668 Menomonie Avenue,Gantang,398,4-Jun-2016
58930-013,milavitsa,23-5814740,568-429-5810,563 Judy Point,Jinlong,404,25-May-2015
68745-2033,milavitsa,96-5300172,674-127-1117,469 Stephen Crossing,Citeureup,296,11-Apr-2016
55154-4975,milavitsa,02-7852170,543-925-4719,64034 Blue Bill Park Center,Kingston,414,6-Mar-2017
11822-4111,milavitsa,36-1089904,187-201-4778,738 Talmadge Hill,Évreux,417,23-Feb-2015
36987-2596,milavitsa,62-8557351,679-399-2659,691 Victoria Point,Bogi,418,13-Jun-2014
64525-0542,milavitsa,38-8104299,762-656-7540,4409 Helena Place,Ngulahan,428,29-Oct-2013
